timestamp,batt_temp_c,aoss-0_c,cpuss-0_c,cpu-1-5_c,cpu-1-6_c,cpu-1-7_c,cpu-1-8_c,cpu-1-9_c,cpu-1-10_c,aoss-1_c,cpu-0-0_c,cpu-0-1_c,cpu-0-2_c,cpuss-1_c,nspss-0_c,nspss-1_c,nspss-2_c,nspss-3_c,video_c,ddr_c,mdmss-0_c,mdmss-1_c,mdmss-2_c,mdmss-3_c,cpuss-2_c,camera-0_c,camera-1_c,aoss-2_c,gpuss-0_c,gpuss-1_c,gpuss-2_c,gpuss-3_c,gpuss-4_c,gpuss-5_c,gpuss-6_c,cpuss-3_c,gpuss-7_c,pa_c,pa1_c,bcl_warn_c,sdr0_pa_c,sdr0_c,sdr1_pa_c,sdr1_c,mmw0_c,mmw1_c,cpu-1-0_c,mmw2_c,mmw3_c,mmw_pa1_c,mmw_pa2_c,mmw_pa3_c,mmw_ific0_c,epm0_c,epm1_c,epm2_c,epm3_c,cpu-1-1_c,epm4_c,epm5_c,epm6_c,epm7_c,sdr_mmw_therm_c,sub1_modem_cfg_c,sub1_lte_cc_c,sub1_mcg_fr1_cc_c,sub1_mcg_fr2_cc_c,sub1_scg_fr1_cc_c,cpu-1-2_c,sub1_scg_fr2_cc_c,pm8550_tz_c,pm8550-bcl-lvl0_c,pm8550-bcl-lvl1_c,pm8550-bcl-lvl2_c,pm8550b_tz_c,pm8550b_lite_tz_c,pm8550b-ibat-lvl0_c,pm8550b-ibat-lvl1_c,pm8550b-bcl-lvl0_c,cpu-1-3_c,pm8550b-bcl-lvl1_c,pm8550b-bcl-lvl2_c,socd_c,pm8550ve_f_tz_c,pm8550vs_c_tz_c,pm8550vs_d_tz_c,pm8550vs_e_tz_c,pm8550vs_g_tz_c,pmr735d_k_tz_c,pmr735d_l_tz_c,cpu-1-4_c,pm8010m_tz_c,pm8010n_tz_c,xo-therm_c,ac_c,battery_c,cpu7_freq_khz
1780030808,35.0,40.20,43.00,41.40,40.20,40.60,41.80,41.00,41.00,40.60,43.80,45.70,44.60,43.00,40.20,41.00,39.00,39.40,44.60,40.60,39.40,39.80,38.60,39.80,41.80,39.80,40.60,41.00,41.40,41.00,41.00,39.80,41.00,41.40,41.00,41.80,41.00,16.75,27.00,-273.00,0.00,0.00,0.00,0.00,-273.00,-273.00,41.00,-273.00,-273.00,-40.00,27.00,27.00,-273.00,-273.00,-273.00,-273.00,-273.00,41.40,-273.00,-273.00,-273.00,-273.00,27.00,-273.00,-273.00,-273.00,-273.00,-273.00,43.00,-273.00,35.40,0.00,0.00,0.00,NA,NA,NA,NA,NA,43.00,NA,NA,0.01,31.99,36.77,36.57,35.83,36.03,37.00,NA,44.20,NA,NA,38.08,39.30,35.00,864000
1780030821,35.0,42.60,47.30,44.90,43.40,44.20,45.30,43.80,44.20,42.60,49.70,50.90,50.90,48.10,42.60,43.00,41.80,41.80,48.90,42.60,41.80,41.40,41.00,41.40,45.70,42.60,42.60,44.20,43.40,43.00,42.60,42.60,43.40,43.80,43.00,45.30,43.40,16.75,27.00,-273.00,0.00,0.00,0.00,0.00,-273.00,-273.00,44.60,-273.00,-273.00,-40.00,27.00,27.00,-273.00,-273.00,-273.00,-273.00,-273.00,44.20,-273.00,-273.00,-273.00,-273.00,27.00,-273.00,-273.00,-273.00,-273.00,-273.00,47.30,-273.00,36.53,0.00,0.00,0.00,NA,NA,NA,NA,NA,46.10,NA,NA,0.01,33.42,38.24,37.84,37.54,37.91,37.00,NA,46.10,NA,NA,38.35,37.90,35.10,864000
1780030837,35.0,41.80,45.70,43.80,42.60,43.80,43.80,43.40,42.60,41.40,48.10,48.90,49.30,46.50,42.20,42.60,41.00,41.40,48.10,42.60,41.80,41.00,40.60,41.40,44.60,41.80,42.60,43.80,43.00,42.60,42.60,42.20,43.40,43.80,43.00,43.80,43.40,16.76,27.00,-273.00,0.00,0.00,0.00,0.00,-273.00,-273.00,43.40,-273.00,-273.00,-40.00,27.00,27.00,-273.00,-273.00,-273.00,-273.00,-273.00,43.40,-273.00,-273.00,-273.00,-273.00,27.00,-273.00,-273.00,-273.00,-273.00,-273.00,46.10,-273.00,36.57,0.00,0.00,0.00,NA,NA,NA,NA,NA,45.30,NA,NA,0.01,33.09,38.07,37.81,36.84,37.81,37.00,NA,45.30,NA,NA,38.53,37.90,35.10,864000
1780030853,35.2,43.80,48.10,46.10,44.20,45.30,46.10,45.30,45.30,43.40,50.90,51.70,51.70,49.70,43.80,44.60,42.20,43.00,50.10,44.20,42.60,42.60,41.80,43.00,46.90,43.40,43.80,44.90,44.20,44.20,43.40,43.40,44.20,44.60,44.20,44.90,44.20,16.75,27.00,-273.00,0.00,0.00,0.00,0.00,-273.00,-273.00,43.80,-273.00,-273.00,-40.00,27.00,27.00,-273.00,-273.00,-273.00,-273.00,-273.00,43.00,-273.00,-273.00,-273.00,-273.00,27.00,-273.00,-273.00,-273.00,-273.00,-273.00,44.90,-273.00,37.10,0.00,0.00,0.00,NA,NA,NA,NA,NA,44.20,NA,NA,0.01,33.76,37.64,38.31,37.54,37.67,37.00,NA,43.80,NA,NA,38.74,38.70,35.20,864000
1780030867,35.2,42.60,46.50,44.90,43.40,44.60,45.30,43.80,43.80,42.20,49.70,52.90,51.30,48.50,42.60,43.40,41.40,41.40,50.10,43.00,41.40,41.40,40.60,41.80,44.90,42.60,43.00,44.20,43.40,43.00,42.20,42.20,43.40,43.80,43.00,44.60,43.40,16.75,27.00,-273.00,0.00,0.00,0.00,0.00,-273.00,-273.00,43.80,-273.00,-273.00,-40.00,27.00,27.00,-273.00,-273.00,-273.00,-273.00,-273.00,44.20,-273.00,-273.00,-273.00,-273.00,27.00,-273.00,-273.00,-273.00,-273.00,-273.00,46.90,-273.00,36.94,0.00,0.00,0.00,NA,NA,NA,NA,NA,46.10,NA,NA,0.01,33.66,38.71,38.27,37.71,38.21,37.00,NA,46.10,NA,NA,38.80,38.70,35.20,864000
1780030883,35.2,42.60,45.70,44.60,43.40,43.80,44.60,43.80,43.80,42.60,48.10,47.70,47.70,46.10,42.20,43.00,41.80,42.20,46.50,42.60,41.80,41.80,40.60,41.80,44.20,42.60,42.20,43.80,43.40,43.40,43.00,43.00,43.80,43.40,43.00,43.40,43.00,16.75,27.00,-273.00,0.00,0.00,0.00,0.00,-273.00,-273.00,43.00,-273.00,-273.00,-40.00,27.00,27.00,-273.00,-273.00,-273.00,-273.00,-273.00,43.40,-273.00,-273.00,-273.00,-273.00,27.00,-273.00,-273.00,-273.00,-273.00,-273.00,44.90,-273.00,37.07,0.00,0.00,0.00,NA,NA,NA,NA,NA,44.60,NA,NA,0.01,33.59,37.74,38.34,37.51,37.54,37.00,NA,44.60,NA,NA,38.93,39.40,35.30,864000
1780030894,35.2,43.00,47.30,45.70,43.80,44.90,45.30,44.60,44.20,42.60,48.90,50.50,50.90,48.50,43.40,43.80,41.40,42.20,48.90,43.40,42.20,41.80,41.80,42.20,46.50,43.00,43.00,44.60,43.80,43.40,43.80,43.40,44.20,44.20,43.80,45.70,44.60,16.75,27.00,-273.00,0.00,0.00,0.00,0.00,-273.00,-273.00,44.60,-273.00,-273.00,-40.00,27.00,27.00,-273.00,-273.00,-273.00,-273.00,-273.00,45.30,-273.00,-273.00,-273.00,-273.00,27.00,-273.00,-273.00,-273.00,-273.00,-273.00,47.70,-273.00,37.41,0.00,0.00,0.00,NA,NA,NA,NA,NA,46.50,NA,NA,0.01,34.13,38.81,38.64,38.14,38.58,37.00,NA,46.50,NA,NA,39.04,39.40,35.30,864000
1780030912,35.2,42.60,45.30,43.80,42.60,43.80,44.20,43.40,43.00,42.60,47.70,47.30,47.70,45.30,42.20,42.60,41.40,41.80,46.10,42.20,41.80,41.40,40.60,42.20,44.20,42.20,42.60,43.00,43.40,43.00,43.00,42.60,43.40,43.00,43.00,43.80,43.40,16.75,27.00,-273.00,0.00,0.00,0.00,0.00,-273.00,-273.00,43.00,-273.00,-273.00,-40.00,27.00,27.00,-273.00,-273.00,-273.00,-273.00,-273.00,43.80,-273.00,-273.00,-273.00,-273.00,27.00,-273.00,-273.00,-273.00,-273.00,-273.00,46.90,-273.00,37.04,0.00,0.00,0.00,NA,NA,NA,NA,NA,46.10,NA,NA,0.01,33.66,38.51,38.44,37.57,38.17,37.00,NA,45.70,NA,NA,39.13,39.90,35.40,864000
1780030925,35.2,43.80,48.10,46.50,44.90,46.10,46.90,44.90,45.30,43.80,51.70,51.70,52.50,50.10,44.20,44.60,42.60,43.40,50.10,44.60,43.00,42.60,42.20,43.00,46.90,43.80,44.20,45.30,44.60,44.20,44.20,43.80,44.90,44.90,44.60,46.50,44.90,16.75,27.00,-273.00,0.00,0.00,0.00,0.00,-273.00,-273.00,44.90,-273.00,-273.00,-40.00,27.00,27.00,-273.00,-273.00,-273.00,-273.00,-273.00,45.30,-273.00,-273.00,-273.00,-273.00,27.00,-273.00,-273.00,-273.00,-273.00,-273.00,47.70,-273.00,37.71,0.00,0.00,0.00,NA,NA,NA,NA,NA,46.90,NA,NA,0.01,34.23,39.04,38.94,38.21,38.81,37.00,NA,45.70,NA,NA,39.27,39.90,35.40,864000
1780030942,35.2,42.20,46.90,44.90,43.80,44.90,44.60,44.20,44.20,43.00,50.10,50.50,51.70,48.50,43.00,43.80,41.80,41.80,49.70,43.40,41.80,41.80,41.00,41.80,45.70,42.60,43.00,43.80,43.80,43.40,42.60,42.20,43.40,43.80,43.00,44.90,43.80,16.75,27.00,-273.00,0.00,0.00,0.00,0.00,-273.00,-273.00,44.20,-273.00,-273.00,-40.00,27.00,27.00,-273.00,-273.00,-273.00,-273.00,-273.00,43.40,-273.00,-273.00,-273.00,-273.00,27.00,-273.00,-273.00,-273.00,-273.00,-273.00,47.30,-273.00,37.34,0.00,0.00,0.00,NA,NA,NA,NA,NA,46.50,NA,NA,0.01,33.69,38.81,38.58,37.64,38.31,37.00,NA,45.70,NA,NA,39.28,39.50,35.50,864000
1780030958,35.2,43.80,47.30,45.70,44.60,44.90,45.30,44.90,44.60,43.80,48.50,49.30,48.90,47.30,44.20,44.20,42.60,42.60,48.90,43.40,42.60,43.00,42.20,43.00,45.30,43.00,43.40,44.20,44.60,44.60,43.80,43.40,44.60,44.20,43.80,44.60,44.20,16.75,27.00,-273.00,0.00,0.00,0.00,0.00,-273.00,-273.00,43.40,-273.00,-273.00,-40.00,27.00,27.00,-273.00,-273.00,-273.00,-273.00,-273.00,43.40,-273.00,-273.00,-273.00,-273.00,27.00,-273.00,-273.00,-273.00,-273.00,-273.00,44.60,-273.00,37.57,0.00,0.00,0.00,NA,NA,NA,NA,NA,44.20,NA,NA,0.01,34.06,38.21,38.84,37.94,38.01,37.00,NA,44.60,NA,NA,39.44,39.50,35.50,864000
1780030971,35.2,42.60,47.70,45.30,43.80,44.60,45.70,44.60,44.60,43.40,50.50,52.90,52.10,48.90,43.40,43.40,41.80,42.20,49.70,43.80,42.60,41.80,41.40,43.00,46.50,43.40,43.80,44.60,44.20,43.80,43.40,43.40,44.60,44.60,43.80,45.70,44.20,16.76,27.00,-273.00,0.00,0.00,0.00,0.00,-273.00,-273.00,45.30,-273.00,-273.00,-40.00,27.00,27.00,-273.00,-273.00,-273.00,-273.00,-273.00,44.90,-273.00,-273.00,-273.00,-273.00,27.00,-273.00,-273.00,-273.00,-273.00,-273.00,48.10,-273.00,37.67,0.00,0.00,0.00,NA,NA,NA,NA,NA,46.10,NA,NA,0.01,34.33,39.55,39.08,38.51,39.01,37.00,NA,46.90,NA,NA,39.50,39.60,35.70,864000
1780030988,35.2,42.60,46.10,44.60,43.00,43.80,43.80,43.40,43.40,42.60,47.30,46.90,48.10,45.70,43.00,43.40,42.20,41.80,46.90,43.00,41.80,42.20,41.40,42.20,44.60,42.60,42.60,44.20,44.20,43.40,43.00,43.00,43.40,44.20,43.80,44.60,43.80,16.76,27.00,-273.00,0.00,0.00,0.00,0.00,-273.00,-273.00,43.40,-273.00,-273.00,-40.00,27.00,27.00,-273.00,-273.00,-273.00,-273.00,-273.00,43.80,-273.00,-273.00,-273.00,-273.00,27.00,-273.00,-273.00,-273.00,-273.00,-273.00,45.70,-273.00,37.41,0.00,0.00,0.00,NA,NA,NA,NA,NA,46.10,NA,NA,0.01,34.09,38.98,38.78,37.97,38.31,37.00,NA,46.10,NA,NA,39.55,39.60,35.70,864000
1780031001,35.2,43.80,48.50,46.50,44.90,45.30,46.50,45.70,45.70,44.20,50.50,52.50,52.10,50.10,44.60,45.00,42.20,43.00,50.90,45.00,43.40,43.00,42.20,43.00,46.90,43.80,44.60,44.90,44.60,44.60,44.20,43.80,45.70,45.30,44.90,46.90,45.30,16.76,27.00,-273.00,0.00,0.00,0.00,0.00,-273.00,-273.00,44.90,-273.00,-273.00,-40.00,27.00,27.00,-273.00,-273.00,-273.00,-273.00,-273.00,45.70,-273.00,-273.00,-273.00,-273.00,27.00,-273.00,-273.00,-273.00,-273.00,-273.00,48.10,-273.00,37.91,0.00,0.00,0.00,NA,NA,NA,NA,NA,46.90,NA,NA,0.01,34.56,39.58,39.31,38.74,39.14,37.00,NA,47.70,NA,NA,39.65,39.70,35.80,864000
1780031017,35.2,42.20,45.70,43.80,43.00,43.80,44.60,43.80,43.00,42.60,46.90,48.10,47.70,46.10,43.00,43.00,41.80,41.80,47.70,42.60,41.80,41.80,41.40,41.80,44.90,42.60,43.00,44.20,44.20,43.40,43.40,43.00,44.20,44.20,43.80,44.90,44.20,16.75,27.00,-273.00,0.00,0.00,0.00,0.00,-273.00,-273.00,43.80,-273.00,-273.00,-40.00,27.00,27.00,-273.00,-273.00,-273.00,-273.00,-273.00,44.20,-273.00,-273.00,-273.00,-273.00,27.00,-273.00,-273.00,-273.00,-273.00,-273.00,47.70,-273.00,37.64,0.00,0.00,0.00,NA,NA,NA,NA,NA,46.50,NA,NA,0.01,34.13,39.21,38.84,38.01,38.78,37.00,NA,46.50,NA,NA,39.66,39.70,35.80,864000
1780031032,35.2,44.60,49.30,47.70,46.10,46.90,47.70,46.10,46.10,44.60,52.50,52.50,52.50,49.70,45.00,45.70,43.40,43.80,50.90,45.30,43.80,43.80,43.00,44.20,48.90,44.60,45.30,46.50,45.70,45.30,45.70,45.30,49.30,48.50,47.30,51.70,47.70,16.75,27.00,-273.00,0.00,0.00,0.00,0.00,-273.00,-273.00,47.30,-273.00,-273.00,-40.00,27.00,27.00,-273.00,-273.00,-273.00,-273.00,-273.00,46.10,-273.00,-273.00,-273.00,-273.00,27.00,-273.00,-273.00,-273.00,-273.00,-273.00,47.30,-273.00,38.71,0.00,0.00,0.00,NA,NA,NA,NA,NA,45.70,NA,NA,0.01,35.03,39.51,40.05,38.91,39.55,37.00,NA,45.70,NA,NA,39.94,39.90,35.90,864000
1780031048,35.2,43.00,47.70,46.50,44.90,45.70,45.70,44.90,44.90,43.80,50.50,53.70,53.30,49.30,44.20,44.20,42.20,43.00,50.50,44.20,42.60,42.60,41.80,43.00,46.10,43.80,44.20,44.90,44.60,43.80,43.40,43.40,44.90,44.90,44.20,45.30,44.60,16.76,27.00,-273.00,0.00,0.00,0.00,0.00,-273.00,-273.00,44.60,-273.00,-273.00,-40.00,27.00,27.00,-273.00,-273.00,-273.00,-273.00,-273.00,44.90,-273.00,-273.00,-273.00,-273.00,27.00,-273.00,-273.00,-273.00,-273.00,-273.00,48.10,-273.00,37.97,0.00,0.00,0.00,NA,NA,NA,NA,NA,47.70,NA,NA,0.01,34.59,39.24,39.38,38.94,39.24,37.00,NA,47.70,NA,NA,39.91,39.90,35.90,864000
1780031064,35.2,43.80,47.30,45.70,44.60,44.60,45.70,44.60,44.60,44.20,48.90,48.90,48.90,47.30,43.80,44.60,43.00,43.00,47.30,44.60,43.40,43.00,41.80,43.40,45.30,43.40,43.80,44.60,44.20,44.60,44.20,43.80,44.60,44.60,43.80,44.60,44.60,16.75,27.00,-273.00,0.00,0.00,0.00,0.00,-273.00,-273.00,43.80,-273.00,-273.00,-40.00,27.00,27.00,-273.00,-273.00,-273.00,-273.00,-273.00,44.20,-273.00,-273.00,-273.00,-273.00,27.00,-273.00,-273.00,-273.00,-273.00,-273.00,45.30,-273.00,38.14,0.00,0.00,0.00,NA,NA,NA,NA,NA,44.60,NA,NA,0.01,34.56,38.71,39.41,38.41,38.48,37.00,NA,44.90,NA,NA,39.98,40.50,36.00,864000
1780031077,35.2,43.80,48.10,46.90,44.60,45.70,46.50,44.90,44.90,43.80,50.50,52.50,52.10,49.70,44.20,44.60,43.00,43.00,50.50,44.20,43.00,43.00,42.60,43.40,47.30,43.80,44.20,45.30,44.90,43.80,44.20,44.20,45.30,45.30,44.60,46.10,45.30,16.75,27.00,-273.00,0.00,0.00,0.00,0.00,-273.00,-273.00,45.70,-273.00,-273.00,-40.00,27.00,27.00,-273.00,-273.00,-273.00,-273.00,-273.00,45.70,-273.00,-273.00,-273.00,-273.00,27.00,-273.00,-273.00,-273.00,-273.00,-273.00,48.10,-273.00,38.27,0.00,0.00,0.00,NA,NA,NA,NA,NA,46.90,NA,NA,0.01,34.86,40.15,39.71,39.11,39.55,37.00,NA,46.90,NA,NA,40.02,40.50,36.00,864000
1780031093,35.2,42.60,46.10,44.90,43.40,43.80,44.90,44.20,43.80,43.40,48.10,48.10,47.70,46.50,43.00,43.80,42.20,42.20,47.30,43.80,42.20,42.60,41.40,42.20,44.90,43.00,43.40,44.20,43.80,43.80,44.20,43.00,43.80,44.20,43.80,44.90,44.60,16.76,27.00,-273.00,0.00,0.00,0.00,0.00,-273.00,-273.00,43.80,-273.00,-273.00,-40.00,27.00,27.00,-273.00,-273.00,-273.00,-273.00,-273.00,44.20,-273.00,-273.00,-273.00,-273.00,27.00,-273.00,-273.00,-273.00,-273.00,-273.00,47.30,-273.00,38.01,0.00,0.00,0.00,NA,NA,NA,NA,NA,46.90,NA,NA,0.01,34.49,39.11,39.38,38.54,38.91,37.00,NA,46.90,NA,NA,40.06,40.90,36.10,864000
1780031106,35.2,44.60,48.90,47.30,44.90,46.90,47.30,46.10,46.50,45.00,52.50,52.90,52.50,50.10,44.60,45.00,43.80,43.80,51.30,45.30,43.40,43.40,42.60,44.20,47.70,44.60,45.00,46.10,45.30,44.90,45.30,44.20,46.50,45.70,45.30,47.30,45.70,16.76,27.00,-273.00,0.00,0.00,0.00,0.00,-273.00,-273.00,46.50,-273.00,-273.00,-40.00,27.00,27.00,-273.00,-273.00,-273.00,-273.00,-273.00,46.10,-273.00,-273.00,-273.00,-273.00,27.00,-273.00,-273.00,-273.00,-273.00,-273.00,48.50,-273.00,38.44,0.00,0.00,0.00,NA,NA,NA,NA,NA,48.10,NA,NA,0.01,35.20,39.78,39.78,39.34,39.71,37.00,NA,47.30,NA,NA,40.16,40.90,36.10,864000
1780031123,35.2,42.60,45.70,44.60,43.40,43.80,44.20,43.80,43.40,43.00,49.70,50.10,50.90,48.10,43.40,43.80,42.20,42.20,49.70,43.80,42.60,42.60,42.20,42.60,45.70,43.40,43.80,44.60,44.60,44.20,44.20,43.40,44.60,44.90,44.60,45.70,44.60,16.75,27.00,-273.00,0.00,0.00,0.00,0.00,-273.00,-273.00,44.60,-273.00,-273.00,-40.00,27.00,27.00,-273.00,-273.00,-273.00,-273.00,-273.00,45.30,-273.00,-273.00,-273.00,-273.00,27.00,-273.00,-273.00,-273.00,-273.00,-273.00,48.10,-273.00,38.17,0.00,0.00,0.00,NA,NA,NA,NA,NA,46.90,NA,NA,0.01,34.49,39.75,39.31,38.41,39.14,37.00,NA,46.90,NA,NA,40.12,40.50,36.20,864000
1780031139,35.2,44.90,49.30,47.30,46.10,46.50,47.30,46.50,46.50,44.60,51.30,54.50,53.30,50.90,45.30,45.70,43.80,44.20,51.70,45.70,44.20,43.80,43.00,44.60,46.90,45.00,45.00,45.70,45.70,44.90,44.90,44.60,45.70,45.30,44.90,45.70,45.30,16.76,27.00,-273.00,0.00,0.00,0.00,0.00,-273.00,-273.00,44.90,-273.00,-273.00,-40.00,27.00,27.00,-273.00,-273.00,-273.00,-273.00,-273.00,44.20,-273.00,-273.00,-273.00,-273.00,27.00,-273.00,-273.00,-273.00,-273.00,-273.00,46.50,-273.00,38.54,0.00,0.00,0.00,NA,NA,NA,NA,NA,45.70,NA,NA,0.01,34.96,39.11,39.68,38.81,39.01,37.00,NA,45.30,NA,NA,40.25,40.50,36.20,864000
1780031152,35.2,43.40,47.70,46.50,44.60,44.90,45.70,44.60,44.90,43.40,50.50,51.70,51.70,49.70,43.40,44.60,42.20,42.60,51.30,43.40,43.00,43.00,42.20,43.00,46.50,43.40,44.20,44.90,44.60,44.20,43.80,43.40,44.60,44.90,44.20,46.50,44.90,16.76,27.00,-273.00,0.00,0.00,0.00,0.00,-273.00,-273.00,44.90,-273.00,-273.00,-40.00,27.00,27.00,-273.00,-273.00,-273.00,-273.00,-273.00,45.70,-273.00,-273.00,-273.00,-273.00,27.00,-273.00,-273.00,-273.00,-273.00,-273.00,48.50,-273.00,38.41,0.00,0.00,0.00,NA,NA,NA,NA,NA,47.30,NA,NA,0.01,34.90,39.98,39.61,39.08,39.48,37.00,NA,47.70,NA,NA,40.23,40.20,36.30,864000
1780031169,35.2,43.80,46.90,45.70,44.20,44.60,45.30,44.60,44.60,44.20,47.70,48.50,49.30,46.90,43.80,44.20,43.00,43.40,46.90,43.80,43.00,43.40,42.20,43.00,45.30,43.80,43.40,44.60,44.60,44.90,44.20,44.20,44.60,44.90,44.60,44.90,44.60,16.76,27.00,-273.00,0.00,0.00,0.00,0.00,-273.00,-273.00,44.20,-273.00,-273.00,-40.00,27.00,27.00,-273.00,-273.00,-273.00,-273.00,-273.00,44.20,-273.00,-273.00,-273.00,-273.00,27.00,-273.00,-273.00,-273.00,-273.00,-273.00,46.10,-273.00,38.31,0.00,0.00,0.00,NA,NA,NA,NA,NA,44.90,NA,NA,0.01,34.73,39.01,39.51,38.64,38.81,37.00,NA,44.90,NA,NA,40.30,40.20,36.30,864000
1780031181,35.2,44.60,49.30,47.30,45.70,46.50,46.90,46.10,45.70,45.00,51.70,52.90,53.30,50.50,45.00,45.30,43.40,44.20,50.90,45.00,43.80,43.80,43.00,43.80,48.10,44.60,44.60,46.50,45.30,45.30,45.30,44.90,45.70,46.10,45.70,47.70,45.70,16.75,27.00,-273.00,0.00,0.00,0.00,0.00,-273.00,-273.00,46.10,-273.00,-273.00,-40.00,27.00,27.00,-273.00,-273.00,-273.00,-273.00,-273.00,46.50,-273.00,-273.00,-273.00,-273.00,27.00,-273.00,-273.00,-273.00,-273.00,-273.00,48.90,-273.00,38.81,0.00,0.00,0.00,NA,NA,NA,NA,NA,48.50,NA,NA,0.01,35.30,40.52,40.01,39.34,39.98,37.00,NA,48.10,NA,NA,40.35,40.40,36.30,864000
1780031197,35.2,43.00,46.10,44.90,43.80,44.90,44.90,43.80,43.80,43.80,48.10,48.50,48.50,46.50,43.80,43.80,42.60,42.60,48.10,43.80,43.00,42.60,41.80,43.00,45.30,43.40,43.40,44.20,44.20,44.20,43.80,43.40,44.60,44.60,43.80,44.60,44.20,16.75,27.00,-273.00,0.00,0.00,0.00,0.00,-273.00,-273.00,44.60,-273.00,-273.00,-40.00,27.00,27.00,-273.00,-273.00,-273.00,-273.00,-273.00,44.90,-273.00,-273.00,-273.00,-273.00,27.00,-273.00,-273.00,-273.00,-273.00,-273.00,48.10,-273.00,38.31,0.00,0.00,0.00,NA,NA,NA,NA,NA,46.50,NA,NA,0.01,34.80,40.22,39.61,38.68,39.45,37.00,NA,47.30,NA,NA,40.37,40.40,36.30,864000
1780031211,36.4,45.30,50.10,47.70,45.70,47.30,47.30,46.50,46.90,45.00,52.50,52.90,53.70,51.30,45.30,45.70,44.20,44.20,51.30,45.70,44.20,44.20,43.40,43.80,48.50,45.00,45.30,46.10,45.70,44.90,45.30,44.60,46.50,46.50,45.70,48.10,46.10,16.76,27.00,-273.00,0.00,0.00,0.00,0.00,-273.00,-273.00,46.50,-273.00,-273.00,-40.00,27.00,27.00,-273.00,-273.00,-273.00,-273.00,-273.00,46.50,-273.00,-273.00,-273.00,-273.00,27.00,-273.00,-273.00,-273.00,-273.00,-273.00,49.30,-273.00,38.98,0.00,0.00,0.00,NA,NA,NA,NA,NA,48.50,NA,NA,0.01,35.56,40.79,40.25,39.81,40.35,37.00,NA,48.50,NA,NA,40.45,40.70,36.40,864000
1780031225,36.4,43.80,47.70,46.10,44.60,45.70,46.50,44.90,45.30,43.80,50.10,53.30,51.70,48.90,43.80,44.20,43.00,43.00,49.70,44.20,43.00,43.00,42.20,43.80,46.90,43.80,44.20,44.90,44.90,44.20,44.20,43.80,44.90,44.90,43.80,46.10,44.90,16.76,27.00,-273.00,0.00,0.00,0.00,0.00,-273.00,-273.00,44.90,-273.00,-273.00,-40.00,27.00,27.00,-273.00,-273.00,-273.00,-273.00,-273.00,46.10,-273.00,-273.00,-273.00,-273.00,27.00,-273.00,-273.00,-273.00,-273.00,-273.00,48.90,-273.00,38.41,0.00,0.00,0.00,NA,NA,NA,NA,NA,47.30,NA,NA,0.01,34.73,40.01,39.75,38.71,39.55,37.00,NA,47.30,NA,NA,40.46,40.70,36.40,864000
1780031242,36.4,44.90,47.70,46.50,44.90,46.50,46.50,45.70,45.70,45.00,48.50,50.50,50.90,48.50,45.00,44.60,43.40,43.80,48.50,45.00,43.80,43.80,43.00,44.20,46.10,44.20,44.20,45.70,45.30,44.90,44.90,44.60,45.30,45.70,44.90,45.30,45.30,16.76,27.00,-273.00,0.00,0.00,0.00,0.00,-273.00,-273.00,44.60,-273.00,-273.00,-40.00,27.00,27.00,-273.00,-273.00,-273.00,-273.00,-273.00,44.20,-273.00,-273.00,-273.00,-273.00,27.00,-273.00,-273.00,-273.00,-273.00,-273.00,45.70,-273.00,38.68,0.00,0.00,0.00,NA,NA,NA,NA,NA,45.30,NA,NA,0.01,35.13,39.08,39.95,39.04,39.04,37.00,NA,45.70,NA,NA,40.54,41.20,36.50,864000
1780031254,36.4,43.80,48.50,47.30,45.30,46.10,47.30,45.70,45.30,44.20,50.90,54.10,53.30,49.70,44.20,45.00,43.00,43.40,51.70,44.20,43.00,43.00,42.20,43.40,46.90,44.20,44.20,45.70,44.90,44.60,44.20,44.20,44.90,45.30,44.90,46.10,45.30,16.75,27.00,-273.00,0.00,0.00,0.00,0.00,-273.00,-273.00,45.30,-273.00,-273.00,-40.00,27.00,27.00,-273.00,-273.00,-273.00,-273.00,-273.00,46.10,-273.00,-273.00,-273.00,-273.00,27.00,-273.00,-273.00,-273.00,-273.00,-273.00,48.50,-273.00,38.71,0.00,0.00,0.00,NA,NA,NA,NA,NA,47.30,NA,NA,0.01,35.20,40.35,40.05,39.41,39.91,37.00,NA,48.10,NA,NA,40.52,41.20,36.50,864000
1780031271,36.4,44.20,47.30,45.70,44.20,44.90,45.30,44.90,44.90,44.60,48.90,48.50,48.90,47.30,44.20,44.60,42.60,43.40,47.30,44.20,43.40,43.00,42.60,43.40,45.70,43.40,43.80,44.90,44.60,44.60,44.20,43.80,44.60,44.90,44.60,44.90,44.90,16.76,27.00,-273.00,0.00,0.00,0.00,0.00,-273.00,-273.00,44.20,-273.00,-273.00,-40.00,27.00,27.00,-273.00,-273.00,-273.00,-273.00,-273.00,44.90,-273.00,-273.00,-273.00,-273.00,27.00,-273.00,-273.00,-273.00,-273.00,-273.00,46.50,-273.00,38.68,0.00,0.00,0.00,NA,NA,NA,NA,NA,44.90,NA,NA,0.01,34.96,39.24,39.78,38.91,39.11,37.00,NA,47.30,NA,NA,40.59,41.30,36.50,864000
1780031283,36.4,44.90,49.70,47.30,46.10,46.90,47.30,46.50,46.50,45.00,51.30,53.30,53.70,51.30,45.30,46.10,43.40,44.60,51.30,45.70,44.20,43.40,43.40,45.00,48.10,45.00,45.70,46.50,45.70,45.30,45.30,44.60,46.10,46.10,45.30,47.70,46.10,16.76,27.00,-273.00,0.00,0.00,0.00,0.00,-273.00,-273.00,46.90,-273.00,-273.00,-40.00,27.00,27.00,-273.00,-273.00,-273.00,-273.00,-273.00,46.10,-273.00,-273.00,-273.00,-273.00,27.00,-273.00,-273.00,-273.00,-273.00,-273.00,49.30,-273.00,38.94,0.00,0.00,0.00,NA,NA,NA,NA,NA,48.50,NA,NA,0.01,35.63,40.48,40.42,39.85,40.35,37.00,NA,48.10,NA,NA,40.66,41.30,36.50,864000
1780031300,36.4,43.00,47.30,45.30,43.80,44.60,45.70,44.90,44.90,43.40,48.50,49.30,49.70,47.70,44.20,44.20,42.60,42.60,49.70,44.20,43.00,43.00,42.60,43.40,46.50,43.80,43.80,44.90,44.90,44.20,44.60,43.80,45.30,45.30,44.60,46.50,45.30,16.75,27.00,-273.00,0.00,0.00,0.00,0.00,-273.00,-273.00,45.30,-273.00,-273.00,-40.00,27.00,27.00,-273.00,-273.00,-273.00,-273.00,-273.00,45.70,-273.00,-273.00,-273.00,-273.00,27.00,-273.00,-273.00,-273.00,-273.00,-273.00,48.50,-273.00,38.71,0.00,0.00,0.00,NA,NA,NA,NA,NA,47.30,NA,NA,0.01,35.03,40.65,39.88,38.81,39.68,37.00,NA,47.70,NA,NA,40.64,40.70,36.60,864000
1780031316,36.4,45.30,50.10,48.10,46.50,47.70,48.50,47.30,47.70,45.70,53.30,54.10,53.70,51.30,45.70,46.10,44.20,44.60,51.70,46.10,45.00,44.20,43.40,45.00,48.50,45.00,45.30,46.50,45.70,45.70,45.70,44.90,45.70,46.10,45.30,46.50,45.70,16.75,27.00,-273.00,0.00,0.00,0.00,0.00,-273.00,-273.00,45.30,-273.00,-273.00,-40.00,27.00,27.00,-273.00,-273.00,-273.00,-273.00,-273.00,44.90,-273.00,-273.00,-273.00,-273.00,27.00,-273.00,-273.00,-273.00,-273.00,-273.00,46.50,-273.00,39.01,0.00,0.00,0.00,NA,NA,NA,NA,NA,45.70,NA,NA,0.01,35.43,39.65,40.25,39.21,39.58,37.00,NA,45.70,NA,NA,40.73,40.70,36.60,864000
1780031329,36.4,43.80,48.10,46.90,45.70,45.70,46.50,45.70,45.70,44.20,51.70,54.50,53.70,50.10,44.60,45.30,43.00,43.40,50.90,45.00,43.80,42.60,42.60,43.40,47.70,43.40,45.00,45.30,44.90,44.60,44.20,44.20,45.70,45.30,44.90,46.50,44.60,16.76,27.00,-273.00,0.00,0.00,0.00,0.00,-273.00,-273.00,45.70,-273.00,-273.00,-40.00,27.00,27.00,-273.00,-273.00,-273.00,-273.00,-273.00,45.70,-273.00,-273.00,-273.00,-273.00,27.00,-273.00,-273.00,-273.00,-273.00,-273.00,48.90,-273.00,38.78,0.00,0.00,0.00,NA,NA,NA,NA,NA,48.10,NA,NA,0.01,35.26,40.45,40.08,39.41,39.91,37.00,NA,48.10,NA,NA,40.70,40.70,36.70,864000
1780031346,36.4,44.90,47.30,46.90,44.90,45.30,46.50,45.70,45.70,44.60,48.90,49.30,49.30,48.10,44.60,44.60,43.00,44.20,49.70,44.60,43.80,43.80,43.00,43.80,45.70,44.20,43.80,45.30,45.30,44.90,44.60,43.80,45.30,45.30,45.30,44.60,44.90,16.76,27.00,-273.00,0.00,0.00,0.00,0.00,-273.00,-273.00,44.60,-273.00,-273.00,-40.00,27.00,27.00,-273.00,-273.00,-273.00,-273.00,-273.00,44.90,-273.00,-273.00,-273.00,-273.00,27.00,-273.00,-273.00,-273.00,-273.00,-273.00,45.70,-273.00,38.81,0.00,0.00,0.00,NA,NA,NA,NA,NA,45.70,NA,NA,0.01,35.23,39.48,40.05,39.04,39.34,37.00,NA,46.10,NA,NA,40.77,40.70,36.70,864000
1780031357,36.4,44.60,48.90,46.90,46.10,46.50,47.30,46.50,46.10,45.30,51.70,53.30,52.90,50.50,45.00,45.30,43.40,43.80,51.70,45.30,44.20,43.80,43.40,44.60,48.50,44.60,45.30,46.10,45.70,45.30,44.90,44.60,46.50,46.90,45.70,47.30,46.10,16.77,27.00,-273.00,0.00,0.00,0.00,0.00,-273.00,-273.00,46.90,-273.00,-273.00,-40.00,27.00,27.00,-273.00,-273.00,-273.00,-273.00,-273.00,46.90,-273.00,-273.00,-273.00,-273.00,27.00,-273.00,-273.00,-273.00,-273.00,-273.00,49.30,-273.00,39.11,0.00,0.00,0.00,NA,NA,NA,NA,NA,48.50,NA,NA,0.01,35.73,40.79,40.55,39.78,40.38,37.00,NA,48.90,NA,NA,40.82,41.00,36.80,864000
1780031375,36.4,43.40,46.50,45.30,44.60,44.90,45.30,44.60,44.60,44.20,48.50,49.30,48.50,47.30,43.80,44.20,43.40,43.00,48.50,44.60,43.00,43.00,42.60,43.40,45.30,43.80,43.80,44.60,44.90,44.20,44.20,44.20,45.30,44.90,44.60,46.50,44.90,16.76,27.00,-273.00,0.00,0.00,0.00,0.00,-273.00,-273.00,45.30,-273.00,-273.00,-40.00,27.00,27.00,-273.00,-273.00,-273.00,-273.00,-273.00,44.90,-273.00,-273.00,-273.00,-273.00,27.00,-273.00,-273.00,-273.00,-273.00,-273.00,49.30,-273.00,38.84,0.00,0.00,0.00,NA,NA,NA,NA,NA,47.70,NA,NA,0.01,35.13,40.25,40.15,39.08,39.91,37.00,NA,47.70,NA,NA,40.83,41.00,36.80,864000
1780031390,36.4,45.70,50.50,48.90,46.50,48.50,48.50,47.70,47.70,46.10,52.50,52.90,52.90,51.30,45.70,46.10,44.60,44.20,51.70,46.50,44.60,44.20,43.80,45.00,49.30,45.30,45.70,46.90,46.50,46.10,45.70,45.30,47.30,46.90,46.10,48.50,46.90,16.76,27.00,-273.00,0.00,0.00,0.00,0.00,-273.00,-273.00,47.30,-273.00,-273.00,-40.00,27.00,27.00,-273.00,-273.00,-273.00,-273.00,-273.00,46.50,-273.00,-273.00,-273.00,-273.00,27.00,-273.00,-273.00,-273.00,-273.00,-273.00,48.10,-273.00,39.21,0.00,0.00,0.00,NA,NA,NA,NA,NA,46.10,NA,NA,0.01,35.80,39.88,40.55,39.61,40.01,37.00,NA,46.90,NA,NA,40.88,41.60,36.80,864000
1780031404,36.4,44.20,48.50,46.90,45.30,46.90,46.90,45.30,45.70,44.60,52.10,52.90,53.30,50.90,44.60,44.60,43.00,43.40,51.30,44.60,43.40,43.40,42.60,43.80,47.30,44.20,44.60,45.70,44.90,44.90,44.60,44.20,44.90,45.70,44.90,46.90,45.30,16.76,27.00,-273.00,0.00,0.00,0.00,0.00,-273.00,-273.00,46.10,-273.00,-273.00,-40.00,27.00,27.00,-273.00,-273.00,-273.00,-273.00,-273.00,46.10,-273.00,-273.00,-273.00,-273.00,27.00,-273.00,-273.00,-273.00,-273.00,-273.00,48.50,-273.00,38.81,0.00,0.00,0.00,NA,NA,NA,NA,NA,47.30,NA,NA,0.01,35.23,40.05,40.25,39.41,39.91,37.00,NA,48.10,NA,NA,40.83,41.60,36.80,864000
1780031421,36.4,44.90,47.70,46.90,44.90,46.10,46.50,45.30,45.30,45.00,49.70,48.50,50.50,48.50,44.60,45.00,43.40,43.80,48.10,45.00,43.80,43.40,43.00,44.20,46.10,44.20,44.20,45.30,45.30,45.30,45.30,44.60,45.70,45.30,44.90,44.90,45.30,16.76,27.00,-273.00,0.00,0.00,0.00,0.00,-273.00,-273.00,45.30,-273.00,-273.00,-40.00,27.00,27.00,-273.00,-273.00,-273.00,-273.00,-273.00,44.60,-273.00,-273.00,-273.00,-273.00,27.00,-273.00,-273.00,-273.00,-273.00,-273.00,46.50,-273.00,38.91,0.00,0.00,0.00,NA,NA,NA,NA,NA,45.70,NA,NA,0.01,35.40,39.91,40.18,39.31,39.28,37.00,NA,45.70,NA,NA,40.91,41.70,36.90,864000
1780031433,36.4,44.60,48.90,47.30,45.70,46.50,46.90,45.70,46.10,44.60,52.10,53.30,53.70,50.90,44.20,45.30,43.00,43.80,51.30,45.00,44.20,43.40,43.00,43.80,48.10,44.20,45.00,46.10,45.30,44.90,44.90,44.60,46.10,45.70,45.30,47.30,45.70,16.76,27.00,-273.00,0.00,0.00,0.00,0.00,-273.00,-273.00,46.10,-273.00,-273.00,-40.00,27.00,27.00,-273.00,-273.00,-273.00,-273.00,-273.00,46.50,-273.00,-273.00,-273.00,-273.00,27.00,-273.00,-273.00,-273.00,-273.00,-273.00,49.30,-273.00,39.18,0.00,0.00,0.00,NA,NA,NA,NA,NA,48.10,NA,NA,0.01,35.67,40.99,40.48,39.91,40.38,37.00,NA,48.50,NA,NA,40.95,41.70,36.90,864000
1780031449,36.4,44.20,46.50,46.10,44.60,45.30,45.70,44.90,44.60,43.80,48.50,48.90,48.50,47.30,43.80,44.60,42.60,43.40,47.70,44.20,43.40,43.40,42.60,43.80,45.70,43.80,44.20,45.30,45.30,44.60,44.20,44.20,44.90,45.30,44.90,45.70,44.90,16.76,27.00,-273.00,0.00,0.00,0.00,0.00,-273.00,-273.00,44.90,-273.00,-273.00,-40.00,27.00,27.00,-273.00,-273.00,-273.00,-273.00,-273.00,44.90,-273.00,-273.00,-273.00,-273.00,27.00,-273.00,-273.00,-273.00,-273.00,-273.00,46.90,-273.00,38.91,0.00,0.00,0.00,NA,NA,NA,NA,NA,46.50,NA,NA,0.01,35.26,40.48,40.15,39.38,39.55,37.00,NA,46.90,NA,NA,40.97,41.20,36.90,864000
1780031461,36.4,45.30,49.70,47.70,46.10,47.30,47.70,46.90,47.30,45.30,52.50,52.90,53.70,51.70,45.30,46.10,44.20,44.20,51.70,45.30,44.20,44.20,43.80,44.60,48.90,45.00,45.00,46.90,46.10,45.70,45.30,44.90,46.50,46.50,46.10,48.10,46.50,16.75,27.00,-273.00,0.00,0.00,0.00,0.00,-273.00,-273.00,46.50,-273.00,-273.00,-40.00,27.00,27.00,-273.00,-273.00,-273.00,-273.00,-273.00,46.90,-273.00,-273.00,-273.00,-273.00,27.00,-273.00,-273.00,-273.00,-273.00,-273.00,49.30,-273.00,39.31,0.00,0.00,0.00,NA,NA,NA,NA,NA,48.10,NA,NA,0.01,35.77,40.69,40.62,40.08,40.48,37.00,NA,48.90,NA,NA,40.99,41.20,36.90,864000
1780031478,36.4,44.20,46.50,46.10,44.20,44.90,45.70,44.60,44.90,44.20,49.70,48.50,49.70,47.30,43.40,44.20,43.00,43.00,48.50,44.20,43.00,43.40,42.60,43.40,45.70,43.40,43.80,44.90,44.90,44.60,44.60,44.20,45.30,45.70,44.90,46.90,44.90,16.75,27.00,-273.00,0.00,0.00,0.00,0.00,-273.00,-273.00,45.70,-273.00,-273.00,-40.00,27.00,27.00,-273.00,-273.00,-273.00,-273.00,-273.00,46.10,-273.00,-273.00,-273.00,-273.00,27.00,-273.00,-273.00,-273.00,-273.00,-273.00,49.30,-273.00,38.98,0.00,0.00,0.00,NA,NA,NA,NA,NA,48.10,NA,NA,0.01,35.26,40.69,40.22,39.21,40.08,37.00,NA,47.70,NA,NA,40.96,41.00,37.00,864000
1780031493,36.4,45.70,50.10,48.50,46.50,47.70,48.50,47.30,47.70,45.70,53.30,53.70,53.70,51.70,46.10,46.50,44.20,44.60,52.50,46.50,44.60,45.00,43.40,45.30,49.30,45.70,46.10,46.90,46.10,46.10,45.70,45.30,46.90,47.30,46.50,48.10,46.90,16.76,27.00,-273.00,0.00,0.00,0.00,0.00,-273.00,-273.00,46.50,-273.00,-273.00,-40.00,27.00,27.00,-273.00,-273.00,-273.00,-273.00,-273.00,46.10,-273.00,-273.00,-273.00,-273.00,27.00,-273.00,-273.00,-273.00,-273.00,-273.00,47.30,-273.00,39.31,0.00,0.00,0.00,NA,NA,NA,NA,NA,46.10,NA,NA,0.01,35.77,40.18,40.55,39.68,40.08,37.00,NA,45.70,NA,NA,41.04,41.00,37.00,864000
1780031507,36.4,44.60,48.50,47.70,45.70,46.90,46.90,46.10,45.70,44.60,51.30,54.90,52.50,50.10,44.60,45.30,43.40,43.40,51.30,44.60,43.80,43.00,43.00,43.80,47.30,44.20,44.60,45.70,45.30,44.90,44.90,44.20,45.30,45.70,44.90,46.50,45.70,16.76,27.00,-273.00,0.00,0.00,0.00,0.00,-273.00,-273.00,45.70,-273.00,-273.00,-40.00,27.00,27.00,-273.00,-273.00,-273.00,-273.00,-273.00,46.10,-273.00,-273.00,-273.00,-273.00,27.00,-273.00,-273.00,-273.00,-273.00,-273.00,49.70,-273.00,38.98,0.00,0.00,0.00,NA,NA,NA,NA,NA,48.50,NA,NA,0.01,35.56,40.42,40.32,39.68,40.28,37.00,NA,48.50,NA,NA,40.99,41.00,37.00,864000
1780031524,36.4,44.60,47.70,46.90,45.30,46.10,46.50,45.70,45.70,44.60,49.70,50.10,51.30,48.10,45.00,45.30,43.40,43.80,47.70,45.00,44.20,43.80,43.00,44.20,46.50,44.60,44.60,45.70,45.70,45.30,44.90,44.90,44.90,45.30,45.30,45.30,45.30,16.76,27.00,-273.00,0.00,0.00,0.00,0.00,-273.00,-273.00,44.90,-273.00,-273.00,-40.00,27.00,27.00,-273.00,-273.00,-273.00,-273.00,-273.00,45.70,-273.00,-273.00,-273.00,-273.00,27.00,-273.00,-273.00,-273.00,-273.00,-273.00,47.30,-273.00,39.08,0.00,0.00,0.00,NA,NA,NA,NA,NA,46.90,NA,NA,0.01,35.60,40.08,40.38,39.45,39.75,37.00,NA,46.50,NA,NA,41.08,41.00,37.00,864000
1780031536,36.4,44.90,49.70,48.10,46.10,47.30,48.10,46.90,46.90,45.30,52.50,52.90,53.30,50.90,45.70,46.10,43.40,44.60,52.10,46.10,44.60,43.80,43.80,44.60,48.90,45.30,45.70,46.90,46.10,45.70,45.70,44.90,47.30,46.90,46.10,48.10,46.50,16.76,27.00,-273.00,0.00,0.00,0.00,0.00,-273.00,-273.00,46.90,-273.00,-273.00,-40.00,27.00,27.00,-273.00,-273.00,-273.00,-273.00,-273.00,47.30,-273.00,-273.00,-273.00,-273.00,27.00,-273.00,-273.00,-273.00,-273.00,-273.00,50.10,-273.00,39.41,0.00,0.00,0.00,NA,NA,NA,NA,NA,49.30,NA,NA,0.01,36.03,41.49,40.82,40.45,40.89,37.00,NA,49.30,NA,NA,41.13,41.60,37.10,864000
1780031553,36.4,43.40,47.30,45.70,44.60,45.70,46.10,45.70,44.90,43.80,50.10,48.90,49.30,47.30,43.80,44.20,43.40,43.00,47.30,44.60,43.40,43.40,43.00,44.20,46.90,44.20,44.20,45.30,45.30,44.90,44.90,44.60,45.70,45.30,45.30,47.30,45.30,16.75,27.00,-273.00,0.00,0.00,0.00,0.00,-273.00,-273.00,45.30,-273.00,-273.00,-40.00,27.00,27.00,-273.00,-273.00,-273.00,-273.00,-273.00,45.70,-273.00,-273.00,-273.00,-273.00,27.00,-273.00,-273.00,-273.00,-273.00,-273.00,48.90,-273.00,39.18,0.00,0.00,0.00,NA,NA,NA,NA,NA,47.70,NA,NA,0.01,35.37,40.89,40.35,39.45,40.15,37.00,NA,48.10,NA,NA,41.10,41.60,37.10,864000
1780031568,36.4,46.10,49.70,48.10,47.70,48.90,48.90,47.70,47.70,46.10,52.50,54.50,54.10,52.10,46.10,46.50,45.00,44.60,52.10,46.10,45.00,44.60,43.80,45.30,48.90,46.10,45.70,47.70,46.50,46.10,46.10,45.70,46.90,47.30,46.50,47.70,46.50,16.75,27.00,-273.00,0.00,0.00,0.00,0.00,-273.00,-273.00,46.10,-273.00,-273.00,-40.00,27.00,27.00,-273.00,-273.00,-273.00,-273.00,-273.00,46.10,-273.00,-273.00,-273.00,-273.00,27.00,-273.00,-273.00,-273.00,-273.00,-273.00,47.30,-273.00,39.55,0.00,0.00,0.00,NA,NA,NA,NA,NA,46.50,NA,NA,0.01,35.73,40.28,40.65,39.78,40.01,37.00,NA,46.90,NA,NA,41.17,41.80,37.10,864000
1780031583,37.1,44.60,48.90,47.30,45.70,46.90,47.30,45.70,46.10,44.60,52.50,53.30,53.70,50.50,45.00,45.30,43.00,43.80,52.10,45.00,43.40,43.40,42.60,44.20,48.10,44.60,45.30,45.70,45.30,45.30,44.90,44.60,45.70,45.30,45.30,47.30,45.30,16.76,27.00,-273.00,0.00,0.00,0.00,0.00,-273.00,-273.00,45.70,-273.00,-273.00,-40.00,27.00,27.00,-273.00,-273.00,-273.00,-273.00,-273.00,46.10,-273.00,-273.00,-273.00,-273.00,27.00,-273.00,-273.00,-273.00,-273.00,-273.00,49.70,-273.00,39.41,0.00,0.00,0.00,NA,NA,NA,NA,NA,48.90,NA,NA,0.01,35.43,41.09,40.52,39.95,40.35,37.00,NA,48.90,NA,NA,41.10,41.80,37.10,864000
1780031599,37.1,44.90,48.10,46.90,45.70,46.10,47.30,45.70,46.10,45.00,50.10,50.10,50.50,48.50,45.00,45.70,43.40,44.20,48.90,45.00,44.20,44.20,43.40,44.20,46.10,44.20,44.60,45.70,45.70,45.30,45.30,44.90,45.30,45.70,45.70,45.70,45.70,16.75,27.00,-273.00,0.00,0.00,0.00,0.00,-273.00,-273.00,45.30,-273.00,-273.00,-40.00,27.00,27.00,-273.00,-273.00,-273.00,-273.00,-273.00,44.90,-273.00,-273.00,-273.00,-273.00,27.00,-273.00,-273.00,-273.00,-273.00,-273.00,47.30,-273.00,39.38,0.00,0.00,0.00,NA,NA,NA,NA,NA,45.70,NA,NA,0.01,35.56,40.05,40.48,39.65,39.65,37.00,NA,46.50,NA,NA,41.18,41.60,37.20,864000
1780031611,37.1,44.60,48.90,47.70,46.10,46.90,47.70,46.90,46.90,45.30,52.10,53.30,53.30,50.90,45.70,46.10,44.20,44.60,51.70,46.10,44.20,44.20,43.40,45.00,48.90,45.00,45.30,46.90,46.10,45.70,45.30,44.90,46.50,46.50,46.10,47.70,46.50,16.76,27.00,-273.00,0.00,0.00,0.00,0.00,-273.00,-273.00,47.30,-273.00,-273.00,-40.00,27.00,27.00,-273.00,-273.00,-273.00,-273.00,-273.00,46.90,-273.00,-273.00,-273.00,-273.00,27.00,-273.00,-273.00,-273.00,-273.00,-273.00,49.30,-273.00,39.41,0.00,0.00,0.00,NA,NA,NA,NA,NA,48.90,NA,NA,0.01,35.97,40.82,40.82,40.22,40.82,37.00,NA,49.30,NA,NA,41.20,41.60,37.20,864000
1780031628,37.1,44.20,47.30,46.10,44.60,44.90,45.70,45.30,45.30,44.60,48.50,50.50,50.90,48.50,44.20,45.00,43.40,43.40,48.90,44.60,43.80,43.40,43.00,44.20,46.10,43.80,44.60,44.90,44.90,44.90,44.60,44.20,45.30,45.30,44.60,46.10,45.30,16.77,27.00,-273.00,0.00,0.00,0.00,0.00,-273.00,-273.00,45.30,-273.00,-273.00,-40.00,27.00,27.00,-273.00,-273.00,-273.00,-273.00,-273.00,46.10,-273.00,-273.00,-273.00,-273.00,27.00,-273.00,-273.00,-273.00,-273.00,-273.00,49.70,-273.00,39.14,0.00,0.00,0.00,NA,NA,NA,NA,NA,48.50,NA,NA,0.01,35.50,40.11,40.52,39.48,40.28,37.00,NA,48.50,NA,NA,41.20,41.30,37.20,864000
1780031643,37.1,46.10,50.50,48.90,46.90,47.70,48.50,47.30,46.90,45.70,52.90,53.30,54.50,51.30,45.70,46.50,43.80,44.60,51.30,46.10,45.00,44.60,43.80,45.00,48.90,46.10,46.10,46.90,46.50,45.70,45.70,45.70,46.90,46.90,46.50,48.90,46.90,16.76,27.00,-273.00,0.00,0.00,0.00,0.00,-273.00,-273.00,47.30,-273.00,-273.00,-40.00,27.00,27.00,-273.00,-273.00,-273.00,-273.00,-273.00,46.90,-273.00,-273.00,-273.00,-273.00,27.00,-273.00,-273.00,-273.00,-273.00,-273.00,48.10,-273.00,39.55,0.00,0.00,0.00,NA,NA,NA,NA,NA,46.90,NA,NA,0.01,36.00,40.28,40.95,39.95,40.48,37.00,NA,47.30,NA,NA,41.28,41.30,37.20,864000
1780031659,37.1,44.60,49.30,47.70,45.70,46.90,46.90,46.10,46.10,44.60,52.90,52.50,52.90,50.90,45.00,45.30,43.40,43.80,51.70,45.30,43.80,43.00,42.60,43.80,47.70,44.20,45.00,46.10,45.30,44.90,44.90,44.60,45.70,45.70,45.30,46.90,45.70,16.76,27.00,-273.00,0.00,0.00,0.00,0.00,-273.00,-273.00,45.70,-273.00,-273.00,-40.00,27.00,27.00,-273.00,-273.00,-273.00,-273.00,-273.00,46.10,-273.00,-273.00,-273.00,-273.00,27.00,-273.00,-273.00,-273.00,-273.00,-273.00,49.30,-273.00,39.21,0.00,0.00,0.00,NA,NA,NA,NA,NA,48.50,NA,NA,0.01,35.56,40.72,40.45,39.88,40.38,37.00,NA,48.10,NA,NA,41.22,41.10,37.20,864000
1780031676,37.1,44.90,48.10,46.90,45.70,46.10,46.90,45.70,46.10,45.00,50.50,49.70,50.10,48.50,45.30,45.30,44.20,44.60,48.50,45.00,44.20,44.20,43.40,44.20,46.90,44.20,45.30,45.70,45.70,45.30,44.90,45.30,45.70,45.70,45.30,46.10,45.30,16.76,27.00,-273.00,0.00,0.00,0.00,0.00,-273.00,-273.00,44.90,-273.00,-273.00,-40.00,27.00,27.00,-273.00,-273.00,-273.00,-273.00,-273.00,45.30,-273.00,-273.00,-273.00,-273.00,27.00,-273.00,-273.00,-273.00,-273.00,-273.00,46.90,-273.00,39.24,0.00,0.00,0.00,NA,NA,NA,NA,NA,46.50,NA,NA,0.01,35.67,39.91,40.52,39.58,39.75,37.00,NA,46.50,NA,NA,41.29,41.10,37.20,864000
1780031688,37.1,44.90,49.30,47.70,46.50,46.90,47.70,46.50,46.50,45.00,52.90,54.50,53.30,51.30,45.00,45.30,43.80,43.40,51.30,45.30,44.60,44.20,43.40,44.60,48.90,45.00,45.30,46.50,45.70,45.70,45.30,44.90,46.50,46.10,45.70,48.10,46.50,16.77,27.00,-273.00,0.00,0.00,0.00,0.00,-273.00,-273.00,46.90,-273.00,-273.00,-40.00,27.00,27.00,-273.00,-273.00,-273.00,-273.00,-273.00,46.90,-273.00,-273.00,-273.00,-273.00,27.00,-273.00,-273.00,-273.00,-273.00,-273.00,49.70,-273.00,39.41,0.00,0.00,0.00,NA,NA,NA,NA,NA,48.90,NA,NA,0.01,36.00,41.19,40.85,40.22,40.65,37.00,NA,48.90,NA,NA,41.29,41.50,37.30,864000
1780031705,37.1,44.60,47.70,46.10,44.90,45.70,46.10,45.70,45.70,44.60,50.50,49.30,50.10,48.10,44.60,45.00,43.80,43.80,48.10,44.60,43.80,43.80,43.40,44.20,46.50,44.60,44.20,45.70,45.70,44.60,45.30,44.20,45.30,46.10,44.90,45.70,45.30,16.76,27.00,-273.00,0.00,0.00,0.00,0.00,-273.00,-273.00,45.30,-273.00,-273.00,-40.00,27.00,27.00,-273.00,-273.00,-273.00,-273.00,-273.00,45.30,-273.00,-273.00,-273.00,-273.00,27.00,-273.00,-273.00,-273.00,-273.00,-273.00,49.30,-273.00,39.08,0.00,0.00,0.00,NA,NA,NA,NA,NA,48.10,NA,NA,0.01,35.67,40.62,40.59,39.58,40.18,37.00,NA,48.50,NA,NA,41.29,41.50,37.30,864000
1780031718,37.1,45.30,50.10,48.50,46.90,48.10,48.50,47.70,48.10,46.10,52.90,55.30,54.50,51.70,45.70,46.10,44.60,45.00,52.50,46.50,45.00,44.60,43.80,45.00,49.30,45.70,46.10,47.30,46.50,46.10,45.70,45.70,47.30,46.90,46.50,48.10,47.30,16.76,27.00,-273.00,0.00,0.00,0.00,0.00,-273.00,-273.00,46.90,-273.00,-273.00,-40.00,27.00,27.00,-273.00,-273.00,-273.00,-273.00,-273.00,47.30,-273.00,-273.00,-273.00,-273.00,27.00,-273.00,-273.00,-273.00,-273.00,-273.00,50.10,-273.00,39.45,0.00,0.00,0.00,NA,NA,NA,NA,NA,49.70,NA,NA,0.01,36.34,41.29,40.99,40.35,40.85,37.00,NA,48.50,NA,NA,41.33,41.80,37.30,864000
1780031736,37.1,44.60,48.90,47.30,45.30,46.90,47.30,46.50,46.10,44.60,52.50,54.10,53.70,50.10,45.00,45.00,43.40,43.80,52.10,45.00,43.80,43.80,43.00,44.20,47.70,44.20,45.00,45.70,45.70,44.90,44.90,44.60,46.10,45.70,45.30,47.30,45.70,16.75,27.00,-273.00,0.00,0.00,0.00,0.00,-273.00,-273.00,46.10,-273.00,-273.00,-40.00,27.00,27.00,-273.00,-273.00,-273.00,-273.00,-273.00,46.10,-273.00,-273.00,-273.00,-273.00,27.00,-273.00,-273.00,-273.00,-273.00,-273.00,49.30,-273.00,39.28,0.00,0.00,0.00,NA,NA,NA,NA,NA,48.10,NA,NA,0.01,35.40,41.05,40.55,39.51,40.35,37.00,NA,48.50,NA,NA,41.25,41.80,37.30,864000
1780031752,37.1,46.10,49.70,48.50,46.90,47.30,47.70,46.90,46.90,45.70,50.50,51.70,50.90,50.10,45.70,46.50,44.60,44.60,50.50,45.70,44.60,44.60,43.80,45.00,46.50,45.00,45.70,46.10,46.10,46.10,45.70,45.30,46.10,46.10,45.70,46.10,46.10,16.75,27.00,-273.00,0.00,0.00,0.00,0.00,-273.00,-273.00,45.30,-273.00,-273.00,-40.00,27.00,27.00,-273.00,-273.00,-273.00,-273.00,-273.00,45.30,-273.00,-273.00,-273.00,-273.00,27.00,-273.00,-273.00,-273.00,-273.00,-273.00,46.90,-273.00,39.34,0.00,0.00,0.00,NA,NA,NA,NA,NA,46.10,NA,NA,0.01,35.83,40.05,40.69,39.65,39.98,37.00,NA,45.70,NA,NA,41.35,42.10,37.30,864000
1780031765,37.1,44.90,49.70,48.10,46.10,46.90,47.70,46.50,46.10,45.00,53.30,54.50,55.30,51.30,45.00,45.00,44.20,43.40,52.50,45.30,43.80,43.80,43.00,44.60,48.50,44.60,45.30,46.50,46.10,45.30,44.90,44.90,46.50,46.10,45.70,48.10,46.10,16.76,27.00,-273.00,0.00,0.00,0.00,0.00,-273.00,-273.00,46.90,-273.00,-273.00,-40.00,27.00,27.00,-273.00,-273.00,-273.00,-273.00,-273.00,47.30,-273.00,-273.00,-273.00,-273.00,27.00,-273.00,-273.00,-273.00,-273.00,-273.00,49.70,-273.00,39.61,0.00,0.00,0.00,NA,NA,NA,NA,NA,48.90,NA,NA,0.01,36.03,41.09,40.89,40.32,40.79,37.00,NA,48.90,NA,NA,41.33,42.10,37.30,864000
1780031782,37.1,44.60,46.90,46.50,44.90,45.30,46.10,45.30,45.30,44.60,50.10,49.30,49.30,48.10,44.60,44.60,43.40,43.40,47.70,44.60,43.80,44.20,42.60,44.60,46.50,43.80,44.60,45.70,45.30,45.30,44.60,44.90,45.30,45.30,45.30,45.70,45.30,16.76,27.00,-273.00,0.00,0.00,0.00,0.00,-273.00,-273.00,44.60,-273.00,-273.00,-40.00,27.00,27.00,-273.00,-273.00,-273.00,-273.00,-273.00,45.30,-273.00,-273.00,-273.00,-273.00,27.00,-273.00,-273.00,-273.00,-273.00,-273.00,46.90,-273.00,39.21,0.00,0.00,0.00,NA,NA,NA,NA,NA,47.30,NA,NA,0.01,35.67,40.38,40.55,39.58,39.91,37.00,NA,48.10,NA,NA,41.34,41.70,37.30,864000
1780031794,37.1,45.70,49.70,48.90,46.90,47.70,48.10,46.90,47.30,45.30,52.10,54.50,54.10,51.30,45.70,46.90,44.20,45.00,52.50,46.10,45.00,44.20,44.20,45.00,48.90,45.00,45.70,47.30,46.50,46.10,45.70,45.30,46.90,46.90,46.50,48.50,46.50,16.76,27.00,-273.00,0.00,0.00,0.00,0.00,-273.00,-273.00,47.70,-273.00,-273.00,-40.00,27.00,27.00,-273.00,-273.00,-273.00,-273.00,-273.00,47.30,-273.00,-273.00,-273.00,-273.00,27.00,-273.00,-273.00,-273.00,-273.00,-273.00,50.10,-273.00,39.65,0.00,0.00,0.00,NA,NA,NA,NA,NA,48.90,NA,NA,0.01,36.23,41.36,40.95,40.52,40.92,37.00,NA,49.70,NA,NA,41.38,41.70,37.30,864000
1780031811,37.1,44.60,47.30,45.70,44.20,44.90,46.10,45.70,44.90,44.20,48.50,48.90,50.10,48.10,44.60,44.60,43.00,43.40,48.50,44.60,43.40,43.40,42.60,43.40,46.90,44.20,45.00,45.70,45.30,45.30,45.30,44.20,45.70,45.70,44.90,46.50,45.70,16.76,27.00,-273.00,0.00,0.00,0.00,0.00,-273.00,-273.00,45.70,-273.00,-273.00,-40.00,27.00,27.00,-273.00,-273.00,-273.00,-273.00,-273.00,45.30,-273.00,-273.00,-273.00,-273.00,27.00,-273.00,-273.00,-273.00,-273.00,-273.00,49.30,-273.00,39.24,0.00,0.00,0.00,NA,NA,NA,NA,NA,48.10,NA,NA,0.01,35.53,40.99,40.52,39.48,40.28,37.00,NA,48.50,NA,NA,41.32,41.30,37.40,864000
1780031827,37.1,46.10,50.10,48.50,46.90,48.10,48.90,47.70,47.70,46.10,53.30,54.50,53.70,51.30,46.10,46.50,44.60,45.00,52.90,46.50,45.30,44.60,44.20,45.30,49.30,45.70,46.10,47.30,46.90,46.10,46.10,45.70,46.90,47.30,46.50,48.90,46.90,16.76,27.00,-273.00,0.00,0.00,0.00,0.00,-273.00,-273.00,46.90,-273.00,-273.00,-40.00,27.00,27.00,-273.00,-273.00,-273.00,-273.00,-273.00,46.90,-273.00,-273.00,-273.00,-273.00,27.00,-273.00,-273.00,-273.00,-273.00,-273.00,48.10,-273.00,39.75,0.00,0.00,0.00,NA,NA,NA,NA,NA,46.90,NA,NA,0.01,36.07,40.45,40.92,39.98,40.38,37.00,NA,46.90,NA,NA,41.39,41.30,37.40,864000
1780031841,37.1,44.60,49.30,47.30,45.70,46.50,47.70,46.10,46.50,44.60,52.50,54.10,53.70,50.90,44.60,45.30,43.40,43.80,52.10,45.00,43.80,43.40,42.60,44.20,48.10,44.60,45.00,46.10,45.70,44.90,44.60,44.60,46.10,46.10,45.70,47.30,46.10,16.76,27.00,-273.00,0.00,0.00,0.00,0.00,-273.00,-273.00,46.50,-273.00,-273.00,-40.00,27.00,27.00,-273.00,-273.00,-273.00,-273.00,-273.00,46.90,-273.00,-273.00,-273.00,-273.00,27.00,-273.00,-273.00,-273.00,-273.00,-273.00,49.30,-273.00,39.41,0.00,0.00,0.00,NA,NA,NA,NA,NA,48.90,NA,NA,0.01,35.87,41.29,40.75,39.98,40.59,37.00,NA,48.50,NA,NA,41.34,41.30,37.40,864000
1780031858,37.1,45.30,48.50,47.30,45.70,46.50,46.50,46.50,45.70,45.00,48.50,50.10,50.10,48.50,45.30,45.30,44.20,44.20,49.70,45.00,44.60,44.20,43.80,44.60,46.50,45.00,45.30,46.10,46.10,45.70,45.30,45.30,46.10,46.50,45.70,45.70,46.10,16.76,27.00,-273.00,0.00,0.00,0.00,0.00,-273.00,-273.00,44.90,-273.00,-273.00,-40.00,27.00,27.00,-273.00,-273.00,-273.00,-273.00,-273.00,45.30,-273.00,-273.00,-273.00,-273.00,27.00,-273.00,-273.00,-273.00,-273.00,-273.00,47.70,-273.00,39.61,0.00,0.00,0.00,NA,NA,NA,NA,NA,46.10,NA,NA,0.01,35.87,40.42,41.02,39.88,39.98,37.00,NA,46.90,NA,NA,41.49,41.30,37.40,864000
1780031870,37.1,45.70,50.90,48.90,47.70,47.70,48.10,47.30,47.30,46.10,52.10,54.90,54.50,52.10,46.10,46.50,44.60,45.00,52.50,46.50,45.30,44.60,43.80,45.30,48.90,45.30,46.10,46.90,46.90,46.50,46.10,45.70,46.50,47.30,46.50,48.50,46.90,16.76,27.00,-273.00,0.00,0.00,0.00,0.00,-273.00,-273.00,46.90,-273.00,-273.00,-40.00,27.00,27.00,-273.00,-273.00,-273.00,-273.00,-273.00,47.30,-273.00,-273.00,-273.00,-273.00,27.00,-273.00,-273.00,-273.00,-273.00,-273.00,50.50,-273.00,40.08,0.00,0.00,0.00,NA,NA,NA,NA,NA,48.90,NA,NA,0.01,36.47,42.00,41.53,40.69,41.29,37.00,NA,49.30,NA,NA,41.57,41.80,37.50,864000
1780031886,37.1,44.90,48.10,46.90,45.30,46.10,46.50,45.70,45.30,45.00,50.10,49.70,50.90,48.50,45.00,45.00,43.80,44.20,48.10,45.70,43.80,44.20,43.40,44.60,46.50,44.20,44.60,45.70,45.30,45.30,45.30,44.90,46.10,45.70,45.70,47.30,46.10,16.76,27.00,-273.00,0.00,0.00,0.00,0.00,-273.00,-273.00,46.10,-273.00,-273.00,-40.00,27.00,27.00,-273.00,-273.00,-273.00,-273.00,-273.00,46.50,-273.00,-273.00,-273.00,-273.00,27.00,-273.00,-273.00,-273.00,-273.00,-273.00,49.70,-273.00,39.95,0.00,0.00,0.00,NA,NA,NA,NA,NA,49.30,NA,NA,0.01,35.93,41.66,41.19,39.88,40.65,37.00,NA,48.50,NA,NA,41.62,41.80,37.50,864000
1780031902,37.1,46.50,51.30,49.30,47.70,48.50,49.30,48.10,48.50,46.50,54.10,55.30,54.50,52.40,46.50,46.90,44.60,45.30,53.30,47.30,45.30,45.30,44.20,45.70,49.70,45.70,46.50,47.70,47.30,46.90,46.10,46.10,47.70,47.70,46.90,48.90,47.30,16.76,27.00,-273.00,0.00,0.00,0.00,0.00,-273.00,-273.00,47.70,-273.00,-273.00,-40.00,27.00,27.00,-273.00,-273.00,-273.00,-273.00,-273.00,47.30,-273.00,-273.00,-273.00,-273.00,27.00,-273.00,-273.00,-273.00,-273.00,-273.00,48.10,-273.00,40.38,0.00,0.00,0.00,NA,NA,NA,NA,NA,46.50,NA,NA,0.01,36.53,41.16,41.76,40.48,41.09,37.00,NA,47.30,NA,NA,41.72,42.30,37.50,864000
1780031916,37.1,45.30,49.30,48.90,46.10,47.30,47.70,46.10,46.50,45.30,51.70,55.70,54.10,50.90,45.30,46.10,44.20,44.60,52.90,45.70,44.20,44.60,43.40,44.60,48.10,45.00,45.30,46.50,46.10,46.10,45.70,44.90,46.50,46.90,45.70,47.30,46.50,16.76,27.00,-273.00,0.00,0.00,0.00,0.00,-273.00,-273.00,46.50,-273.00,-273.00,-40.00,27.00,27.00,-273.00,-273.00,-273.00,-273.00,-273.00,46.90,-273.00,-273.00,-273.00,-273.00,27.00,-273.00,-273.00,-273.00,-273.00,-273.00,49.30,-273.00,40.05,0.00,0.00,0.00,NA,NA,NA,NA,NA,48.90,NA,NA,0.01,36.03,41.73,41.46,40.32,40.85,37.00,NA,49.30,NA,NA,41.68,42.30,37.50,864000
1780031933,37.1,45.70,48.90,47.70,46.50,46.90,47.70,46.90,47.30,46.10,50.90,51.70,52.50,50.10,45.70,46.10,44.60,45.00,49.70,45.70,45.00,44.60,44.20,45.00,47.70,45.00,45.70,46.90,46.50,46.50,46.10,45.30,46.50,46.50,46.10,46.50,46.50,16.76,27.00,-273.00,0.00,0.00,0.00,0.00,-273.00,-273.00,45.70,-273.00,-273.00,-40.00,27.00,27.00,-273.00,-273.00,-273.00,-273.00,-273.00,45.30,-273.00,-273.00,-273.00,-273.00,27.00,-273.00,-273.00,-273.00,-273.00,-273.00,47.70,-273.00,40.28,0.00,0.00,0.00,NA,NA,NA,NA,NA,46.90,NA,NA,0.02,36.20,40.75,41.59,40.18,40.48,37.00,NA,46.90,NA,NA,41.78,42.50,37.60,864000
1780031945,37.6,45.70,49.70,48.10,46.50,47.70,47.30,46.50,46.50,45.70,52.50,53.30,54.10,51.30,46.10,46.50,44.20,44.60,52.10,46.10,45.00,44.20,44.20,45.30,48.90,45.70,46.10,46.50,46.10,46.10,46.10,45.70,46.90,47.30,46.90,48.90,46.50,16.76,27.00,-273.00,0.00,0.00,0.00,0.00,-273.00,-273.00,47.70,-273.00,-273.00,-40.00,27.00,27.00,-273.00,-273.00,-273.00,-273.00,-273.00,47.70,-273.00,-273.00,-273.00,-273.00,27.00,-273.00,-273.00,-273.00,-273.00,-273.00,50.10,-273.00,40.05,0.00,0.00,0.00,NA,NA,NA,NA,NA,49.30,NA,NA,0.02,36.50,41.69,41.42,40.72,41.19,37.00,NA,49.30,NA,NA,41.72,42.50,37.60,864000
1780031962,37.6,44.60,47.70,46.50,44.90,45.30,46.50,45.70,45.70,44.60,48.90,50.50,49.70,48.50,45.00,45.30,44.20,43.80,50.10,45.30,44.20,44.20,43.40,44.20,46.90,44.60,45.00,45.70,45.70,45.30,45.30,44.90,45.70,45.70,45.30,46.10,46.10,16.76,27.00,-273.00,0.00,0.00,0.00,0.00,-273.00,-273.00,45.30,-273.00,-273.00,-40.00,27.00,27.00,-273.00,-273.00,-273.00,-273.00,-273.00,46.50,-273.00,-273.00,-273.00,-273.00,27.00,-273.00,-273.00,-273.00,-273.00,-273.00,49.70,-273.00,39.61,0.00,0.00,0.00,NA,NA,NA,NA,NA,48.50,NA,NA,0.02,35.97,41.29,40.95,39.91,40.65,37.00,NA,48.10,NA,NA,41.65,41.90,37.60,864000
1780031976,37.6,46.50,50.90,48.90,47.70,48.10,49.30,48.50,48.10,46.10,52.50,54.10,53.70,51.70,46.50,46.90,45.00,45.00,52.50,46.90,45.30,45.30,44.20,45.30,49.30,45.70,46.10,47.70,46.90,46.50,46.10,45.70,47.30,47.70,46.90,48.90,47.30,16.75,27.00,-273.00,0.00,0.00,0.00,0.00,-273.00,-273.00,47.30,-273.00,-273.00,-40.00,27.00,27.00,-273.00,-273.00,-273.00,-273.00,-273.00,47.70,-273.00,-273.00,-273.00,-273.00,27.00,-273.00,-273.00,-273.00,-273.00,-273.00,49.70,-273.00,40.08,0.00,0.00,0.00,NA,NA,NA,NA,NA,47.30,NA,NA,0.02,36.57,41.19,41.42,40.65,41.19,37.00,NA,47.70,NA,NA,41.66,41.90,37.60,864000
1780031992,37.6,44.60,48.90,47.70,46.10,47.30,47.30,46.90,46.50,44.60,52.90,54.10,53.70,50.90,45.00,45.30,43.80,43.80,52.10,45.00,43.80,43.80,43.40,44.20,48.10,44.60,45.30,45.70,46.10,45.70,45.30,44.60,46.10,46.50,45.30,47.30,45.70,16.75,27.00,-273.00,0.00,0.00,0.00,0.00,-273.00,-273.00,46.10,-273.00,-273.00,-40.00,27.00,27.00,-273.00,-273.00,-273.00,-273.00,-273.00,46.10,-273.00,-273.00,-273.00,-273.00,27.00,-273.00,-273.00,-273.00,-273.00,-273.00,49.30,-273.00,39.61,0.00,0.00,0.00,NA,NA,NA,NA,NA,48.90,NA,NA,0.02,35.87,41.46,40.89,40.08,40.72,37.00,NA,48.90,NA,NA,41.57,41.60,37.60,864000
1780032010,37.6,45.70,49.30,48.10,46.90,47.70,48.10,46.90,47.30,46.10,50.90,51.30,50.50,48.90,45.70,46.10,44.60,44.60,50.90,46.10,45.00,44.60,43.80,45.00,47.30,45.00,45.00,46.90,46.50,45.70,45.30,45.30,46.50,46.90,45.70,46.10,46.50,16.75,27.00,-273.00,0.00,0.00,0.00,0.00,-273.00,-273.00,46.10,-273.00,-273.00,-40.00,27.00,27.00,-273.00,-273.00,-273.00,-273.00,-273.00,45.70,-273.00,-273.00,-273.00,-273.00,27.00,-273.00,-273.00,-273.00,-273.00,-273.00,47.70,-273.00,39.75,0.00,0.00,0.00,NA,NA,NA,NA,NA,46.10,NA,NA,0.02,36.00,40.32,41.02,40.01,40.25,37.00,NA,46.50,NA,NA,41.64,41.60,37.60,864000
1780032022,37.6,44.90,49.70,48.50,46.50,46.50,47.30,46.10,46.50,45.00,52.10,56.10,54.50,50.50,45.70,46.10,43.80,43.80,51.70,46.10,44.20,44.60,43.40,44.60,48.50,45.70,45.70,46.90,46.10,46.10,45.70,45.30,46.90,46.90,45.70,48.90,46.90,16.76,27.00,-273.00,0.00,0.00,0.00,0.00,-273.00,-273.00,47.30,-273.00,-273.00,-40.00,27.00,27.00,-273.00,-273.00,-273.00,-273.00,-273.00,46.90,-273.00,-273.00,-273.00,-273.00,27.00,-273.00,-273.00,-273.00,-273.00,-273.00,50.10,-273.00,39.75,0.00,0.00,0.00,NA,NA,NA,NA,NA,48.90,NA,NA,0.02,36.27,41.63,41.19,40.59,41.09,37.00,NA,49.70,NA,NA,41.61,41.70,37.60,864000
1780032040,37.6,44.60,47.70,46.10,44.90,45.70,46.50,46.10,45.70,45.00,50.10,49.70,49.70,48.50,45.00,45.00,44.20,44.20,48.90,45.00,44.60,44.20,43.00,45.00,46.50,44.60,45.00,46.10,46.10,45.30,44.90,44.60,45.70,46.50,45.70,46.10,45.70,16.76,27.00,-273.00,0.00,0.00,0.00,0.00,-273.00,-273.00,45.30,-273.00,-273.00,-40.00,27.00,27.00,-273.00,-273.00,-273.00,-273.00,-273.00,45.70,-273.00,-273.00,-273.00,-273.00,27.00,-273.00,-273.00,-273.00,-273.00,-273.00,48.90,-273.00,39.55,0.00,0.00,0.00,NA,NA,NA,NA,NA,48.10,NA,NA,0.02,35.97,40.52,40.72,39.98,40.48,37.00,NA,48.50,NA,NA,41.62,41.70,37.60,864000
1780032052,37.6,45.70,50.10,48.10,46.90,47.70,48.50,47.30,47.70,45.70,52.90,54.90,54.10,51.30,46.10,46.10,44.60,45.00,52.50,46.50,45.30,45.00,44.20,45.30,48.90,46.10,45.70,47.30,46.50,46.10,46.10,45.70,46.90,46.90,46.50,48.50,46.90,16.76,27.00,-273.00,0.00,0.00,0.00,0.00,-273.00,-273.00,46.90,-273.00,-273.00,-40.00,27.00,27.00,-273.00,-273.00,-273.00,-273.00,-273.00,48.10,-273.00,-273.00,-273.00,-273.00,27.00,-273.00,-273.00,-273.00,-273.00,-273.00,49.70,-273.00,39.78,0.00,0.00,0.00,NA,NA,NA,NA,NA,48.90,NA,NA,0.02,36.47,40.89,41.09,40.75,41.09,37.00,NA,48.90,NA,NA,41.64,42.00,37.60,864000
1780032071,37.6,44.20,47.30,45.70,44.60,45.70,45.70,45.30,44.90,44.20,50.50,51.30,51.70,48.90,44.60,45.00,43.40,44.20,50.90,45.00,43.80,43.80,43.00,44.20,47.30,44.20,45.00,46.10,46.10,44.90,44.90,44.60,45.70,46.10,45.30,46.50,46.10,16.76,27.00,-273.00,0.00,0.00,0.00,0.00,-273.00,-273.00,45.30,-273.00,-273.00,-40.00,27.00,27.00,-273.00,-273.00,-273.00,-273.00,-273.00,46.10,-273.00,-273.00,-273.00,-273.00,27.00,-273.00,-273.00,-273.00,-273.00,-273.00,48.90,-273.00,39.31,0.00,0.00,0.00,NA,NA,NA,NA,NA,48.10,NA,NA,0.02,35.73,40.52,40.59,39.78,40.48,37.00,NA,48.10,NA,NA,41.54,42.00,37.60,864000
1780032087,37.6,46.50,50.90,48.90,47.30,48.50,49.30,47.30,47.70,46.50,53.30,53.70,53.30,52.10,46.90,46.90,45.00,45.30,52.50,46.50,45.30,45.00,44.20,45.30,49.30,45.70,46.50,47.70,46.50,46.50,46.50,46.10,47.30,47.30,46.90,48.50,46.90,16.76,27.00,-273.00,0.00,0.00,0.00,0.00,-273.00,-273.00,46.50,-273.00,-273.00,-40.00,27.00,27.00,-273.00,-273.00,-273.00,-273.00,-273.00,46.50,-273.00,-273.00,-273.00,-273.00,27.00,-273.00,-273.00,-273.00,-273.00,-273.00,47.70,-273.00,39.71,0.00,0.00,0.00,NA,NA,NA,NA,NA,46.90,NA,NA,0.02,36.27,40.01,41.02,40.25,40.59,37.00,NA,46.50,NA,NA,41.59,42.10,37.70,864000
1780032101,37.6,44.90,48.90,47.70,46.10,46.50,47.70,46.10,45.70,44.60,52.10,51.70,54.10,50.90,44.60,45.00,43.80,43.80,51.70,45.30,43.80,43.40,43.40,44.20,47.30,44.60,45.30,45.70,45.70,45.30,44.90,44.60,46.10,46.10,44.90,46.90,45.70,16.76,27.00,-273.00,0.00,0.00,0.00,0.00,-273.00,-273.00,46.10,-273.00,-273.00,-40.00,27.00,27.00,-273.00,-273.00,-273.00,-273.00,-273.00,46.10,-273.00,-273.00,-273.00,-273.00,27.00,-273.00,-273.00,-273.00,-273.00,-273.00,49.30,-273.00,39.41,0.00,0.00,0.00,NA,NA,NA,NA,NA,48.10,NA,NA,0.02,35.93,40.38,40.75,40.32,40.59,37.00,NA,48.50,NA,NA,41.50,42.10,37.70,864000
1780032119,37.6,45.30,48.10,46.90,45.70,46.10,46.90,45.70,46.10,45.00,49.30,49.30,50.90,48.50,45.30,45.70,43.80,44.20,48.50,45.30,43.80,44.20,43.40,44.60,46.90,44.60,44.60,45.70,45.70,44.90,45.30,44.90,45.30,45.70,45.30,45.70,45.70,16.76,27.00,-273.00,0.00,0.00,0.00,0.00,-273.00,-273.00,44.90,-273.00,-273.00,-40.00,27.00,27.00,-273.00,-273.00,-273.00,-273.00,-273.00,44.90,-273.00,-273.00,-273.00,-273.00,27.00,-273.00,-273.00,-273.00,-273.00,-273.00,46.90,-273.00,39.38,0.00,0.00,0.00,NA,NA,NA,NA,NA,46.10,NA,NA,0.02,35.90,39.55,40.62,40.01,39.95,37.00,NA,46.10,NA,NA,41.56,42.10,37.60,864000
1780032131,37.6,44.90,48.90,47.70,46.10,47.30,47.30,46.50,46.90,45.30,52.10,52.90,52.90,50.90,45.30,45.70,43.80,45.00,52.10,46.10,45.00,43.80,43.40,44.60,49.30,45.70,46.10,46.90,46.50,46.10,45.70,45.30,46.50,46.50,46.10,48.10,46.10,16.76,27.00,-273.00,0.00,0.00,0.00,0.00,-273.00,-273.00,46.50,-273.00,-273.00,-40.00,27.00,27.00,-273.00,-273.00,-273.00,-273.00,-273.00,47.30,-273.00,-273.00,-273.00,-273.00,27.00,-273.00,-273.00,-273.00,-273.00,-273.00,50.10,-273.00,39.51,0.00,0.00,0.00,NA,NA,NA,NA,NA,48.90,NA,NA,0.02,36.37,40.72,40.99,40.72,40.99,37.00,NA,48.10,NA,NA,41.54,42.10,37.60,864000
1780032149,37.6,44.20,47.30,46.10,44.90,45.70,46.10,45.70,45.70,44.60,49.70,49.30,49.70,47.70,44.60,44.60,44.20,43.80,48.90,44.60,43.40,43.80,43.00,43.80,46.10,44.20,44.20,44.90,45.30,44.60,44.90,44.60,45.70,45.30,45.70,45.70,45.70,16.76,27.00,-273.00,0.00,0.00,0.00,0.00,-273.00,-273.00,45.30,-273.00,-273.00,-40.00,27.00,27.00,-273.00,-273.00,-273.00,-273.00,-273.00,45.70,-273.00,-273.00,-273.00,-273.00,27.00,-273.00,-273.00,-273.00,-273.00,-273.00,48.90,-273.00,39.34,0.00,0.00,0.00,NA,NA,NA,NA,NA,48.10,NA,NA,0.02,35.80,40.42,40.62,40.08,40.45,37.00,NA,48.10,NA,NA,41.53,42.40,37.70,864000
1780032163,37.6,46.10,50.90,50.50,47.70,48.50,49.30,48.10,47.70,46.10,52.10,54.90,54.50,51.70,46.10,46.90,45.00,45.30,52.90,46.50,45.30,45.00,44.20,45.30,48.90,46.10,46.50,47.70,46.90,46.50,46.10,45.70,46.90,47.30,47.30,48.50,47.30,16.76,27.00,-273.00,0.00,0.00,0.00,0.00,-273.00,-273.00,47.30,-273.00,-273.00,-40.00,27.00,27.00,-273.00,-273.00,-273.00,-273.00,-273.00,47.30,-273.00,-273.00,-273.00,-273.00,27.00,-273.00,-273.00,-273.00,-273.00,-273.00,49.70,-273.00,39.75,0.00,0.00,0.00,NA,NA,NA,NA,NA,48.50,NA,NA,0.02,36.50,40.69,41.19,40.65,41.05,37.00,NA,47.70,NA,NA,41.57,42.40,37.70,864000
1780032180,37.6,44.60,48.10,47.70,46.10,46.90,46.90,46.10,45.70,44.60,50.90,54.90,52.10,49.70,45.00,45.30,44.20,43.80,51.70,45.00,44.20,44.20,42.60,44.20,47.70,44.60,45.00,45.30,45.70,45.30,44.90,44.60,45.70,46.10,44.90,46.90,45.70,16.76,27.00,-273.00,0.00,0.00,0.00,0.00,-273.00,-273.00,46.10,-273.00,-273.00,-40.00,27.00,27.00,-273.00,-273.00,-273.00,-273.00,-273.00,45.70,-273.00,-273.00,-273.00,-273.00,27.00,-273.00,-273.00,-273.00,-273.00,-273.00,48.90,-273.00,39.21,0.00,0.00,0.00,NA,NA,NA,NA,NA,47.70,NA,NA,0.02,35.73,40.42,40.55,39.88,40.38,37.00,NA,48.10,NA,NA,41.48,42.00,37.70,864000
1780032194,37.6,46.10,49.70,48.50,46.50,48.10,48.10,47.70,47.30,46.10,52.90,53.30,54.50,51.30,46.10,46.90,44.60,44.60,52.10,46.50,45.00,44.60,44.20,45.30,49.30,45.30,46.50,47.30,46.90,46.50,46.10,45.70,47.30,46.90,46.50,48.50,46.90,16.76,27.00,-273.00,0.00,0.00,0.00,0.00,-273.00,-273.00,47.30,-273.00,-273.00,-40.00,27.00,27.00,-273.00,-273.00,-273.00,-273.00,-273.00,47.70,-273.00,-273.00,-273.00,-273.00,27.00,-273.00,-273.00,-273.00,-273.00,-273.00,48.50,-273.00,39.75,0.00,0.00,0.00,NA,NA,NA,NA,NA,47.30,NA,NA,0.02,36.44,40.45,41.09,40.62,40.92,37.00,NA,48.10,NA,NA,41.54,42.00,37.70,864000
1780032209,37.6,44.20,48.90,47.30,46.10,46.50,47.30,46.10,46.10,45.00,50.90,54.10,52.90,50.90,45.00,44.60,43.40,43.80,51.70,45.00,44.20,43.80,43.00,44.60,47.30,44.60,45.30,45.70,45.70,44.90,44.60,44.90,45.70,45.70,45.30,47.30,45.70,16.76,27.00,-273.00,0.00,0.00,0.00,0.00,-273.00,-273.00,45.70,-273.00,-273.00,-40.00,27.00,27.00,-273.00,-273.00,-273.00,-273.00,-273.00,46.10,-273.00,-273.00,-273.00,-273.00,27.00,-273.00,-273.00,-273.00,-273.00,-273.00,48.90,-273.00,39.28,0.00,0.00,0.00,NA,NA,NA,NA,NA,48.10,NA,NA,0.02,35.67,40.65,40.62,40.01,40.35,37.00,NA,48.50,NA,NA,41.46,41.70,37.70,864000
1780032226,37.6,45.70,48.50,47.30,46.50,46.90,46.90,46.50,46.10,45.30,49.30,50.90,51.70,48.90,45.30,45.30,44.20,44.60,49.30,45.70,44.60,44.60,43.80,44.60,46.90,45.30,45.30,45.70,46.10,45.70,45.70,44.90,45.70,46.10,45.30,45.70,45.70,16.76,27.00,-273.00,0.00,0.00,0.00,0.00,-273.00,-273.00,45.30,-273.00,-273.00,-40.00,27.00,27.00,-273.00,-273.00,-273.00,-273.00,-273.00,45.30,-273.00,-273.00,-273.00,-273.00,27.00,-273.00,-273.00,-273.00,-273.00,-273.00,46.50,-273.00,39.45,0.00,0.00,0.00,NA,NA,NA,NA,NA,46.10,NA,NA,0.02,35.93,39.81,40.75,40.11,39.98,37.00,NA,46.10,NA,NA,41.52,41.70,37.70,864000
1780032239,37.6,44.90,49.30,47.70,46.10,46.50,47.30,46.10,46.10,45.00,51.70,54.90,52.90,50.90,45.00,45.70,43.80,44.60,51.70,45.00,43.80,43.80,43.00,44.60,47.70,45.00,45.30,46.10,45.70,45.70,44.90,44.60,45.70,46.10,45.70,47.30,45.70,16.76,27.00,-273.00,0.00,0.00,0.00,0.00,-273.00,-273.00,46.10,-273.00,-273.00,-40.00,27.00,27.00,-273.00,-273.00,-273.00,-273.00,-273.00,47.30,-273.00,-273.00,-273.00,-273.00,27.00,-273.00,-273.00,-273.00,-273.00,-273.00,49.30,-273.00,39.51,0.00,0.00,0.00,NA,NA,NA,NA,NA,48.50,NA,NA,0.02,36.17,40.75,40.82,40.62,40.85,37.00,NA,48.90,NA,NA,41.49,41.60,37.70,864000
1780032256,37.6,44.60,47.70,46.50,45.30,46.10,46.50,46.10,45.70,45.00,49.30,49.70,49.70,47.70,45.00,45.70,43.80,44.20,48.10,45.00,44.20,44.60,43.40,44.60,46.50,44.60,44.60,45.70,45.70,45.70,45.30,44.60,46.10,45.70,44.90,46.10,45.30,16.76,27.00,-273.00,0.00,0.00,0.00,0.00,-273.00,-273.00,44.90,-273.00,-273.00,-40.00,27.00,27.00,-273.00,-273.00,-273.00,-273.00,-273.00,44.90,-273.00,-273.00,-273.00,-273.00,27.00,-273.00,-273.00,-273.00,-273.00,-273.00,48.50,-273.00,39.45,0.00,0.00,0.00,NA,NA,NA,NA,NA,46.10,NA,NA,0.02,35.97,39.85,40.65,40.11,39.98,37.00,NA,46.10,NA,NA,41.53,41.60,37.70,864000
1780032268,37.7,44.90,49.70,48.10,46.50,47.70,48.10,46.90,46.90,45.00,52.10,54.50,53.30,50.90,45.70,46.10,44.60,45.00,51.70,46.10,44.60,44.60,43.80,45.00,48.50,45.00,46.10,47.30,46.50,46.10,46.10,45.70,46.90,46.90,46.50,47.70,46.90,16.76,27.00,-273.00,0.00,0.00,0.00,0.00,-273.00,-273.00,47.30,-273.00,-273.00,-40.00,27.00,27.00,-273.00,-273.00,-273.00,-273.00,-273.00,46.90,-273.00,-273.00,-273.00,-273.00,27.00,-273.00,-273.00,-273.00,-273.00,-273.00,50.50,-273.00,39.61,0.00,0.00,0.00,NA,NA,NA,NA,NA,48.90,NA,NA,0.02,36.34,40.99,41.05,40.75,40.95,37.00,NA,49.30,NA,NA,41.54,41.70,37.70,864000
1780032285,37.7,44.20,47.30,45.70,44.20,44.90,46.10,45.30,45.30,44.20,48.90,48.90,49.30,47.30,44.20,45.30,43.40,43.40,48.50,44.20,43.80,43.40,43.00,44.20,46.10,44.20,44.20,45.30,45.30,44.60,44.90,44.20,44.90,45.30,44.60,45.30,45.30,16.76,27.00,-273.00,0.00,0.00,0.00,0.00,-273.00,-273.00,44.90,-273.00,-273.00,-40.00,27.00,27.00,-273.00,-273.00,-273.00,-273.00,-273.00,45.30,-273.00,-273.00,-273.00,-273.00,27.00,-273.00,-273.00,-273.00,-273.00,-273.00,48.90,-273.00,39.41,0.00,0.00,0.00,NA,NA,NA,NA,NA,48.10,NA,NA,0.02,35.77,40.38,40.55,39.85,40.38,37.00,NA,47.70,NA,NA,41.51,41.70,37.70,864000
1780032300,37.7,46.10,50.90,48.10,46.50,47.70,48.50,47.30,47.30,46.10,52.10,53.70,53.70,51.30,46.50,46.50,44.60,45.00,52.10,46.90,44.60,44.60,44.20,45.30,48.90,45.30,46.50,46.90,46.90,46.10,46.10,45.70,47.30,47.30,46.90,48.90,46.90,16.76,27.00,-273.00,0.00,0.00,0.00,0.00,-273.00,-273.00,47.30,-273.00,-273.00,-40.00,27.00,27.00,-273.00,-273.00,-273.00,-273.00,-273.00,46.90,-273.00,-273.00,-273.00,-273.00,27.00,-273.00,-273.00,-273.00,-273.00,-273.00,48.50,-273.00,39.68,0.00,0.00,0.00,NA,NA,NA,NA,NA,46.90,NA,NA,0.02,36.30,40.05,41.02,40.45,40.55,37.00,NA,46.10,NA,NA,41.55,41.60,37.70,864000
1780032317,37.7,43.80,47.30,45.70,44.90,45.70,46.50,44.90,45.30,44.20,50.10,52.50,51.30,49.30,44.20,45.00,42.60,43.00,50.90,45.00,43.40,43.40,42.60,44.20,47.70,44.60,44.60,44.90,45.30,44.90,44.90,44.20,45.30,45.30,45.30,46.10,45.70,16.75,27.00,-273.00,0.00,0.00,0.00,0.00,-273.00,-273.00,44.90,-273.00,-273.00,-40.00,27.00,27.00,-273.00,-273.00,-273.00,-273.00,-273.00,45.30,-273.00,-273.00,-273.00,-273.00,27.00,-273.00,-273.00,-273.00,-273.00,-273.00,48.90,-273.00,39.11,0.00,0.00,0.00,NA,NA,NA,NA,NA,49.70,NA,NA,0.02,35.63,40.55,40.48,39.91,40.48,37.00,NA,47.30,NA,NA,41.42,41.40,37.70,864000
1780032334,37.7,45.30,48.10,46.90,45.70,46.50,46.50,45.70,46.10,45.30,50.10,50.90,51.30,48.90,45.00,45.70,44.20,43.80,49.70,45.00,44.60,44.60,43.40,44.20,46.90,45.00,45.30,45.70,45.30,45.30,45.30,44.90,45.30,45.70,45.70,45.30,45.70,16.76,27.00,-273.00,0.00,0.00,0.00,0.00,-273.00,-273.00,44.60,-273.00,-273.00,-40.00,27.00,27.00,-273.00,-273.00,-273.00,-273.00,-273.00,44.60,-273.00,-273.00,-273.00,-273.00,27.00,-273.00,-273.00,-273.00,-273.00,-273.00,44.90,-273.00,39.14,0.00,0.00,0.00,NA,NA,NA,NA,NA,44.20,NA,NA,0.02,35.67,39.08,40.45,39.55,39.31,37.00,NA,44.90,NA,NA,41.39,41.40,37.70,864000
1780032350,37.7,44.20,48.10,46.90,45.30,46.50,46.50,46.10,45.70,45.00,52.10,52.10,53.70,50.50,45.00,45.00,43.00,43.80,50.90,45.00,43.80,43.00,43.40,43.80,47.70,44.20,45.30,45.70,45.30,44.60,44.60,44.60,45.30,45.70,44.60,46.50,45.30,16.75,27.00,-273.00,0.00,0.00,0.00,0.00,-273.00,-273.00,45.30,-273.00,-273.00,-40.00,27.00,27.00,-273.00,-273.00,-273.00,-273.00,-273.00,45.70,-273.00,-273.00,-273.00,-273.00,27.00,-273.00,-273.00,-273.00,-273.00,-273.00,48.90,-273.00,39.01,0.00,0.00,0.00,NA,NA,NA,NA,NA,48.10,NA,NA,0.02,35.70,40.42,40.45,39.98,40.35,37.00,NA,48.10,NA,NA,41.31,41.20,37.60,864000
1780032368,37.7,44.60,46.50,45.30,44.60,44.60,45.70,44.90,44.90,44.20,48.10,48.10,47.70,46.50,44.60,45.00,43.40,44.20,47.30,44.60,43.80,43.80,42.60,44.20,45.30,43.80,44.60,44.90,44.90,44.90,44.90,44.60,44.90,44.90,44.60,44.60,45.30,16.76,27.00,-273.00,0.00,0.00,0.00,0.00,-273.00,-273.00,44.20,-273.00,-273.00,-40.00,27.00,27.00,-273.00,-273.00,-273.00,-273.00,-273.00,44.60,-273.00,-273.00,-273.00,-273.00,27.00,-273.00,-273.00,-273.00,-273.00,-273.00,45.70,-273.00,38.94,0.00,0.00,0.00,NA,NA,NA,NA,NA,44.60,NA,NA,0.02,35.47,39.08,40.32,39.48,39.24,37.00,NA,45.30,NA,NA,41.40,41.20,37.60,864000
1780032381,37.7,44.20,48.90,47.30,45.30,46.50,46.90,46.50,46.10,44.60,52.10,54.10,52.50,50.10,45.00,45.70,43.40,43.80,50.90,45.30,43.80,43.80,43.40,44.20,48.50,44.60,45.00,46.50,46.10,45.30,45.30,44.90,46.10,46.50,45.30,47.70,46.10,16.76,27.00,-273.00,0.00,0.00,0.00,0.00,-273.00,-273.00,46.90,-273.00,-273.00,-40.00,27.00,27.00,-273.00,-273.00,-273.00,-273.00,-273.00,46.90,-273.00,-273.00,-273.00,-273.00,27.00,-273.00,-273.00,-273.00,-273.00,-273.00,49.70,-273.00,39.31,0.00,0.00,0.00,NA,NA,NA,NA,NA,48.10,NA,NA,0.02,36.07,40.79,40.79,40.42,40.62,37.00,NA,48.90,NA,NA,41.35,41.60,37.60,864000
1780032399,37.7,43.80,46.10,44.60,43.80,44.60,44.60,44.20,44.60,43.40,47.30,47.70,47.70,45.70,43.80,44.60,43.00,43.40,47.30,44.20,43.00,43.40,42.60,43.80,44.90,43.80,43.40,44.90,44.90,43.80,44.60,44.20,44.90,44.90,44.60,44.20,44.90,16.76,27.00,-273.00,0.00,0.00,0.00,0.00,-273.00,-273.00,43.80,-273.00,-273.00,-40.00,27.00,27.00,-273.00,-273.00,-273.00,-273.00,-273.00,44.20,-273.00,-273.00,-273.00,-273.00,27.00,-273.00,-273.00,-273.00,-273.00,-273.00,46.10,-273.00,38.88,0.00,0.00,0.00,NA,NA,NA,NA,NA,46.10,NA,NA,0.02,35.40,39.38,40.15,39.28,39.34,37.00,NA,46.50,NA,NA,41.34,41.60,37.60,864000
1780032413,37.7,45.30,49.70,48.50,46.50,47.70,48.10,47.30,46.90,45.70,51.30,53.70,53.30,50.90,45.70,46.10,44.60,44.60,52.50,46.10,45.00,44.20,43.40,45.30,48.50,45.30,45.70,46.90,46.10,46.10,46.10,45.30,46.50,46.90,46.10,48.10,46.50,16.76,27.00,-273.00,0.00,0.00,0.00,0.00,-273.00,-273.00,46.90,-273.00,-273.00,-40.00,27.00,27.00,-273.00,-273.00,-273.00,-273.00,-273.00,47.30,-273.00,-273.00,-273.00,-273.00,27.00,-273.00,-273.00,-273.00,-273.00,-273.00,49.70,-273.00,39.45,0.00,0.00,0.00,NA,NA,NA,NA,NA,48.50,NA,NA,0.02,36.13,40.38,40.85,40.45,40.79,37.00,NA,48.50,NA,NA,41.34,41.60,37.60,864000
1780032431,37.7,43.80,46.50,45.30,44.60,45.30,46.10,44.90,45.30,43.80,49.70,50.90,51.70,48.50,44.60,45.00,43.40,43.00,50.10,45.00,43.40,43.40,42.60,43.80,47.30,44.20,44.60,45.70,45.30,44.90,44.90,44.20,45.30,45.70,44.90,46.50,45.30,16.75,27.00,-273.00,0.00,0.00,0.00,0.00,-273.00,-273.00,45.70,-273.00,-273.00,-40.00,27.00,27.00,-273.00,-273.00,-273.00,-273.00,-273.00,46.10,-273.00,-273.00,-273.00,-273.00,27.00,-273.00,-273.00,-273.00,-273.00,-273.00,49.30,-273.00,39.21,0.00,0.00,0.00,NA,NA,NA,NA,NA,47.70,NA,NA,0.02,35.56,40.45,40.45,39.71,40.15,37.00,NA,48.10,NA,NA,41.33,41.60,37.60,864000
1780032447,37.7,45.30,48.10,47.30,45.70,46.50,47.70,46.90,46.10,45.30,49.70,51.70,50.90,49.30,45.30,45.70,44.20,44.60,49.70,45.70,44.60,43.80,43.80,44.60,47.30,44.60,45.00,46.50,45.70,46.10,45.30,45.30,46.10,45.70,45.70,45.70,46.10,16.75,27.00,-273.00,0.00,0.00,0.00,0.00,-273.00,-273.00,45.30,-273.00,-273.00,-40.00,27.00,27.00,-273.00,-273.00,-273.00,-273.00,-273.00,44.60,-273.00,-273.00,-273.00,-273.00,27.00,-273.00,-273.00,-273.00,-273.00,-273.00,45.30,-273.00,39.28,0.00,0.00,0.00,NA,NA,NA,NA,NA,44.60,NA,NA,0.02,35.73,39.38,40.52,39.51,39.34,37.00,NA,44.90,NA,NA,41.38,42.00,37.60,864000
1780032463,37.7,44.60,48.10,47.70,45.30,46.50,46.90,46.50,46.10,44.60,52.10,52.90,54.10,50.50,44.60,45.30,43.80,43.40,51.30,45.70,44.20,43.80,42.60,44.20,47.30,44.60,44.60,45.70,45.70,44.90,44.60,44.60,45.30,45.70,45.30,46.90,45.70,16.75,27.00,-273.00,0.00,0.00,0.00,0.00,-273.00,-273.00,45.70,-273.00,-273.00,-40.00,27.00,27.00,-273.00,-273.00,-273.00,-273.00,-273.00,45.70,-273.00,-273.00,-273.00,-273.00,27.00,-273.00,-273.00,-273.00,-273.00,-273.00,48.90,-273.00,39.21,0.00,0.00,0.00,NA,NA,NA,NA,NA,47.70,NA,NA,0.02,35.80,40.45,40.59,40.32,40.42,37.00,NA,48.50,NA,NA,41.32,42.00,37.60,864000
1780032480,37.7,44.60,46.50,45.70,44.60,44.90,45.30,44.60,44.90,44.20,47.30,47.70,47.70,46.10,44.20,45.00,43.40,43.40,46.90,43.80,43.40,43.40,42.20,43.40,44.90,43.80,44.20,44.60,45.30,44.60,44.60,44.20,44.90,44.60,44.60,44.60,44.90,16.76,27.00,-273.00,0.00,0.00,0.00,0.00,-273.00,-273.00,43.80,-273.00,-273.00,-40.00,27.00,27.00,-273.00,-273.00,-273.00,-273.00,-273.00,43.80,-273.00,-273.00,-273.00,-273.00,27.00,-273.00,-273.00,-273.00,-273.00,-273.00,45.30,-273.00,38.94,0.00,0.00,0.00,NA,NA,NA,NA,NA,44.60,NA,NA,0.02,35.40,39.08,40.18,39.31,39.11,37.00,NA,44.90,NA,NA,41.36,42.10,37.60,864000
1780032494,37.7,43.80,47.30,46.10,44.90,45.30,45.70,44.90,45.30,44.20,51.70,52.50,52.10,49.30,44.20,45.00,43.00,43.00,50.90,44.20,43.40,43.00,42.20,43.40,46.50,44.20,44.60,45.30,44.90,44.90,44.60,44.20,45.30,45.70,44.90,46.90,45.70,16.76,27.00,-273.00,0.00,0.00,0.00,0.00,-273.00,-273.00,45.70,-273.00,-273.00,-40.00,27.00,27.00,-273.00,-273.00,-273.00,-273.00,-273.00,46.50,-273.00,-273.00,-273.00,-273.00,27.00,-273.00,-273.00,-273.00,-273.00,-273.00,49.30,-273.00,39.21,0.00,0.00,0.00,NA,NA,NA,NA,NA,48.50,NA,NA,0.02,35.80,40.32,40.55,39.98,40.45,37.00,NA,48.10,NA,NA,41.25,42.10,37.60,864000
1780032511,37.7,44.20,46.90,46.10,45.30,45.70,45.70,44.90,44.90,44.60,48.50,49.70,48.10,46.90,44.20,44.60,43.40,43.40,48.50,45.00,43.80,43.80,43.00,43.40,46.10,44.20,44.20,45.30,45.30,45.30,44.60,44.20,45.30,45.30,44.60,45.30,45.30,16.75,27.00,-273.00,0.00,0.00,0.00,0.00,-273.00,-273.00,44.90,-273.00,-273.00,-40.00,27.00,27.00,-273.00,-273.00,-273.00,-273.00,-273.00,44.90,-273.00,-273.00,-273.00,-273.00,27.00,-273.00,-273.00,-273.00,-273.00,-273.00,46.90,-273.00,39.18,0.00,0.00,0.00,NA,NA,NA,NA,NA,46.90,NA,NA,0.02,35.56,39.91,40.35,39.78,39.91,37.00,NA,48.10,NA,NA,41.30,41.90,37.60,864000
1780032524,37.7,44.90,49.30,47.70,46.10,47.30,48.10,46.90,46.50,45.30,52.10,53.30,53.30,50.50,45.30,46.10,44.20,44.60,51.30,46.10,44.60,44.20,43.80,44.20,48.90,45.00,45.70,46.90,46.10,46.10,45.30,45.30,46.90,46.50,46.10,48.10,46.10,16.76,27.00,-273.00,0.00,0.00,0.00,0.00,-273.00,-273.00,46.90,-273.00,-273.00,-40.00,27.00,27.00,-273.00,-273.00,-273.00,-273.00,-273.00,46.90,-273.00,-273.00,-273.00,-273.00,27.00,-273.00,-273.00,-273.00,-273.00,-273.00,49.70,-273.00,39.55,0.00,0.00,0.00,NA,NA,NA,NA,NA,48.50,NA,NA,0.02,36.17,41.05,40.79,40.45,40.82,37.00,NA,48.90,NA,NA,41.34,41.90,37.60,864000
1780032541,37.7,43.80,45.30,44.60,43.80,44.20,44.90,44.20,44.20,43.40,46.90,47.70,48.10,46.50,43.80,43.80,42.60,43.40,46.90,43.80,43.00,43.00,42.60,43.40,44.60,43.80,43.00,44.60,44.90,44.60,44.20,44.20,44.60,44.90,44.20,43.80,44.60,16.76,27.00,-273.00,0.00,0.00,0.00,0.00,-273.00,-273.00,43.80,-273.00,-273.00,-40.00,27.00,27.00,-273.00,-273.00,-273.00,-273.00,-273.00,44.60,-273.00,-273.00,-273.00,-273.00,27.00,-273.00,-273.00,-273.00,-273.00,-273.00,46.90,-273.00,38.88,0.00,0.00,0.00,NA,NA,NA,NA,NA,45.70,NA,NA,0.02,35.26,39.58,40.08,39.21,39.41,37.00,NA,46.10,NA,NA,41.27,42.10,37.60,864000
1780032557,37.7,45.30,49.70,48.10,46.10,46.90,48.10,46.90,46.50,45.00,52.10,53.30,53.30,51.30,45.30,46.10,43.80,44.20,51.70,46.10,44.60,44.20,43.40,44.60,48.50,45.00,45.70,46.50,46.10,45.30,45.30,45.30,46.50,46.50,45.70,47.30,46.10,16.75,27.00,-273.00,0.00,0.00,0.00,0.00,-273.00,-273.00,46.50,-273.00,-273.00,-40.00,27.00,27.00,-273.00,-273.00,-273.00,-273.00,-273.00,46.90,-273.00,-273.00,-273.00,-273.00,27.00,-273.00,-273.00,-273.00,-273.00,-273.00,49.30,-273.00,39.24,0.00,0.00,0.00,NA,NA,NA,NA,NA,48.50,NA,NA,0.02,36.07,40.45,40.62,40.38,40.48,37.00,NA,48.10,NA,NA,41.26,41.80,37.50,864000
1780032574,37.7,43.80,46.50,45.30,44.20,44.90,44.90,44.60,44.90,43.80,48.90,48.50,49.70,48.10,43.80,44.20,43.40,43.40,50.10,45.00,43.40,43.80,42.60,43.80,46.90,43.80,44.20,45.30,45.30,44.90,44.90,44.20,45.30,45.70,45.30,46.10,44.90,16.75,27.00,-273.00,0.00,0.00,0.00,0.00,-273.00,-273.00,45.70,-273.00,-273.00,-40.00,27.00,27.00,-273.00,-273.00,-273.00,-273.00,-273.00,45.70,-273.00,-273.00,-273.00,-273.00,27.00,-273.00,-273.00,-273.00,-273.00,-273.00,48.50,-273.00,39.04,0.00,0.00,0.00,NA,NA,NA,NA,NA,47.30,NA,NA,0.02,35.43,40.15,40.15,39.51,40.11,37.00,NA,47.30,NA,NA,41.23,41.80,37.50,864000
1780032590,37.7,46.10,50.10,48.50,46.90,47.70,48.50,47.70,47.70,46.10,52.50,53.70,54.10,50.90,46.10,46.50,44.60,45.00,51.70,46.10,45.30,45.00,44.20,45.00,49.30,45.70,45.70,46.90,46.50,45.70,46.10,45.30,46.90,46.90,46.10,46.90,46.50,16.75,27.00,-273.00,0.00,0.00,0.00,0.00,-273.00,-273.00,45.70,-273.00,-273.00,-40.00,27.00,27.00,-273.00,-273.00,-273.00,-273.00,-273.00,46.10,-273.00,-273.00,-273.00,-273.00,27.00,-273.00,-273.00,-273.00,-273.00,-273.00,46.50,-273.00,39.48,0.00,0.00,0.00,NA,NA,NA,NA,NA,46.10,NA,NA,0.02,35.97,39.78,40.69,39.91,40.08,37.00,NA,46.10,NA,NA,41.34,41.80,37.60,864000
1780032605,37.7,44.20,48.50,47.30,45.70,46.90,47.30,45.30,46.10,44.60,52.50,53.70,52.90,50.50,45.30,45.30,43.40,43.80,51.30,45.00,44.20,43.80,43.00,44.20,48.10,44.60,45.00,45.70,45.70,45.30,44.90,44.90,45.70,45.70,45.70,46.50,45.70,16.76,27.00,-273.00,0.00,0.00,0.00,0.00,-273.00,-273.00,46.10,-273.00,-273.00,-40.00,27.00,27.00,-273.00,-273.00,-273.00,-273.00,-273.00,46.50,-273.00,-273.00,-273.00,-273.00,27.00,-273.00,-273.00,-273.00,-273.00,-273.00,49.30,-273.00,39.21,0.00,0.00,0.00,NA,NA,NA,NA,NA,48.10,NA,NA,0.02,35.97,40.48,40.59,40.32,40.52,37.00,NA,48.50,NA,NA,41.33,41.80,37.60,864000
1780032623,37.7,44.60,46.10,46.10,44.90,45.30,45.30,44.90,44.90,44.60,47.70,46.90,48.10,46.10,44.20,45.00,43.80,43.40,46.50,44.60,43.80,43.80,42.60,43.40,44.90,43.80,43.80,45.30,45.30,44.90,45.30,44.20,44.90,45.30,44.60,44.20,44.90,16.76,27.00,-273.00,0.00,0.00,0.00,0.00,-273.00,-273.00,44.20,-273.00,-273.00,-40.00,27.00,27.00,-273.00,-273.00,-273.00,-273.00,-273.00,44.20,-273.00,-273.00,-273.00,-273.00,27.00,-273.00,-273.00,-273.00,-273.00,-273.00,44.90,-273.00,39.14,0.00,0.00,0.00,NA,NA,NA,NA,NA,44.20,NA,NA,0.02,35.47,38.78,40.28,39.28,39.14,37.00,NA,44.60,NA,NA,41.38,41.80,37.60,864000
1780032634,37.7,42.20,43.80,43.40,42.60,42.60,42.60,42.60,42.60,42.20,45.00,45.70,45.70,44.20,42.20,42.60,41.40,41.80,44.60,42.20,41.80,41.80,41.00,41.80,43.40,41.80,42.20,43.40,43.40,43.00,43.40,42.60,43.40,43.40,43.40,42.60,43.40,16.75,27.00,-273.00,0.00,0.00,0.00,0.00,-273.00,-273.00,42.60,-273.00,-273.00,-40.00,27.00,27.00,-273.00,-273.00,-273.00,-273.00,-273.00,43.00,-273.00,-273.00,-273.00,-273.00,27.00,-273.00,-273.00,-273.00,-273.00,-273.00,43.40,-273.00,38.21,0.00,0.00,0.00,NA,NA,NA,NA,NA,42.20,NA,NA,0.02,34.43,37.91,39.28,38.24,38.04,37.00,NA,43.40,NA,NA,41.16,41.20,37.60,864000
1780032646,37.7,41.80,43.40,43.00,41.80,42.60,42.60,42.20,42.60,41.80,43.80,44.60,45.00,43.40,41.80,42.60,41.00,41.40,44.60,41.80,41.40,41.00,41.00,41.80,43.00,41.80,42.20,43.00,43.40,43.00,42.60,42.60,43.00,43.00,43.00,41.80,42.60,16.76,27.00,-273.00,0.00,0.00,0.00,0.00,-273.00,-273.00,41.80,-273.00,-273.00,-40.00,27.00,27.00,-273.00,-273.00,-273.00,-273.00,-273.00,42.20,-273.00,-273.00,-273.00,-273.00,27.00,-273.00,-273.00,-273.00,-273.00,-273.00,42.60,-273.00,37.71,0.00,0.00,0.00,NA,NA,NA,NA,NA,42.20,NA,NA,0.02,33.99,37.47,38.81,37.77,37.54,37.00,NA,43.00,NA,NA,40.90,41.20,37.60,864000
1780032657,37.7,41.40,43.00,42.20,41.80,42.20,42.20,41.80,42.20,41.40,45.00,43.80,45.00,43.40,41.40,41.40,41.00,41.00,44.20,41.40,41.40,41.40,39.80,41.00,42.60,41.40,41.40,42.60,43.00,42.60,42.20,41.80,42.60,42.60,42.60,42.20,42.60,16.76,27.00,-273.00,0.00,0.00,0.00,0.00,-273.00,-273.00,41.40,-273.00,-273.00,-40.00,27.00,27.00,-273.00,-273.00,-273.00,-273.00,-273.00,42.20,-273.00,-273.00,-273.00,-273.00,27.00,-273.00,-273.00,-273.00,-273.00,-273.00,42.60,-273.00,37.34,0.00,0.00,0.00,NA,NA,NA,NA,NA,42.20,NA,NA,0.02,33.66,37.27,38.58,37.54,37.37,37.00,NA,42.60,NA,NA,40.71,39.50,37.50,864000
1780032669,37.7,41.00,43.00,42.20,41.40,41.80,41.80,42.20,41.80,41.40,43.80,44.20,44.60,43.80,41.80,41.80,40.60,41.00,43.80,41.40,41.00,41.00,39.80,41.00,42.20,41.40,41.00,42.20,43.00,42.20,42.20,42.20,43.00,43.00,42.60,42.20,42.20,16.76,27.00,-273.00,0.00,0.00,0.00,0.00,-273.00,-273.00,41.80,-273.00,-273.00,-40.00,27.00,27.00,-273.00,-273.00,-273.00,-273.00,-273.00,42.20,-273.00,-273.00,-273.00,-273.00,27.00,-273.00,-273.00,-273.00,-273.00,-273.00,42.60,-273.00,37.41,0.00,0.00,0.00,NA,NA,NA,NA,NA,41.80,NA,NA,0.02,33.56,37.24,38.38,37.34,37.24,37.00,NA,42.20,NA,NA,40.57,39.50,37.50,864000
